-- MySQL dump 10.13  Distrib 5.5.62, for Win64 (AMD64)
--
-- Host: localhost    Database: pochi_tama
-- ------------------------------------------------------
-- Server version	5.5.5-10.4.22-MariaDB

/*!40101 SET @OLD_CHARACTER_SET_CLIENT=@@CHARACTER_SET_CLIENT */;
/*!40101 SET @OLD_CHARACTER_SET_RESULTS=@@CHARACTER_SET_RESULTS */;
/*!40101 SET @OLD_COLLATION_CONNECTION=@@COLLATION_CONNECTION */;
/*!40101 SET NAMES utf8 */;
/*!40103 SET @OLD_TIME_ZONE=@@TIME_ZONE */;
/*!40103 SET TIME_ZONE='+00:00' */;
/*!40014 SET @OLD_UNIQUE_CHECKS=@@UNIQUE_CHECKS, UNIQUE_CHECKS=0 */;
/*!40014 SET @OLD_FOREIGN_KEY_CHECKS=@@FOREIGN_KEY_CHECKS, FOREIGN_KEY_CHECKS=0 */;
/*!40101 SET @OLD_SQL_MODE=@@SQL_MODE, SQL_MODE='NO_AUTO_VALUE_ON_ZERO' */;
/*!40111 SET @OLD_SQL_NOTES=@@SQL_NOTES, SQL_NOTES=0 */;

--
-- Table structure for table `addresses`
--

DROP TABLE IF EXISTS `addresses`;
/*!40101 SET @saved_cs_client     = @@character_set_client */;
/*!40101 SET character_set_client = utf8 */;
CREATE TABLE `addresses` (
  `id` int(11) NOT NULL AUTO_INCREMENT,
  `street` varchar(100) DEFAULT NULL,
  `city` varchar(100) DEFAULT NULL,
  `province` varchar(100) DEFAULT NULL,
  `number` int(11) DEFAULT NULL,
  `postal_code` int(11) DEFAULT NULL,
  `user_id` int(11) NOT NULL,
  PRIMARY KEY (`id`),
  KEY `addresses_FK` (`user_id`),
  CONSTRAINT `addresses_FK` FOREIGN KEY (`user_id`) REFERENCES `users` (`id`)
) ENGINE=InnoDB AUTO_INCREMENT=3 DEFAULT CHARSET=utf8;
/*!40101 SET character_set_client = @saved_cs_client */;

--
-- Dumping data for table `addresses`
--

LOCK TABLES `addresses` WRITE;
/*!40000 ALTER TABLE `addresses` DISABLE KEYS */;
INSERT INTO `addresses` VALUES (1,'3 de febrero','guaymallen','mendoza',982,5539,1);
/*!40000 ALTER TABLE `addresses` ENABLE KEYS */;
UNLOCK TABLES;

--
-- Table structure for table `categories`
--

DROP TABLE IF EXISTS `categories`;
/*!40101 SET @saved_cs_client     = @@character_set_client */;
/*!40101 SET character_set_client = utf8 */;
CREATE TABLE `categories` (
  `id` int(11) NOT NULL AUTO_INCREMENT,
  `name` varchar(45) NOT NULL,
  `banner` varchar(45) NOT NULL,
  PRIMARY KEY (`id`),
  UNIQUE KEY `id_UNIQUE` (`id`)
) ENGINE=InnoDB AUTO_INCREMENT=5 DEFAULT CHARSET=utf8;
/*!40101 SET character_set_client = @saved_cs_client */;

--
-- Dumping data for table `categories`
--

LOCK TABLES `categories` WRITE;
/*!40000 ALTER TABLE `categories` DISABLE KEYS */;
INSERT INTO `categories` VALUES (1,'Coleccionables','bannerCategoria.jpg'),(2,'Tazas','Poster-rectangular.jpg'),(3,'Lamparas','lamparas.jpg'),(4,'Figuras','banner.jpg');
/*!40000 ALTER TABLE `categories` ENABLE KEYS */;
UNLOCK TABLES;

--
-- Table structure for table `order_items`
--

DROP TABLE IF EXISTS `order_items`;
/*!40101 SET @saved_cs_client     = @@character_set_client */;
/*!40101 SET character_set_client = utf8 */;
CREATE TABLE `order_items` (
  `id` int(11) NOT NULL AUTO_INCREMENT,
  `order_id` int(11) NOT NULL,
  `product_id` int(11) NOT NULL,
  `quantity` int(11) NOT NULL,
  `createdAt` date DEFAULT NULL,
  `updatedAt` date DEFAULT NULL,
  PRIMARY KEY (`id`),
  UNIQUE KEY `order_items_un` (`id`),
  KEY `order_items_FK` (`product_id`),
  KEY `order_items_FK_1` (`order_id`),
  CONSTRAINT `order_items_FK` FOREIGN KEY (`product_id`) REFERENCES `products` (`id`),
  CONSTRAINT `order_items_FK_1` FOREIGN KEY (`order_id`) REFERENCES `orders` (`id`)
) ENGINE=InnoDB DEFAULT CHARSET=utf8mb4;
/*!40101 SET character_set_client = @saved_cs_client */;

--
-- Dumping data for table `order_items`
--

LOCK TABLES `order_items` WRITE;
/*!40000 ALTER TABLE `order_items` DISABLE KEYS */;
/*!40000 ALTER TABLE `order_items` ENABLE KEYS */;
UNLOCK TABLES;

--
-- Table structure for table `orders`
--

DROP TABLE IF EXISTS `orders`;
/*!40101 SET @saved_cs_client     = @@character_set_client */;
/*!40101 SET character_set_client = utf8 */;
CREATE TABLE `orders` (
  `id` int(11) NOT NULL AUTO_INCREMENT,
  `user_id` int(11) NOT NULL,
  `status` varchar(100) NOT NULL,
  `createdAt` date DEFAULT NULL,
  `updatedAt` date DEFAULT NULL,
  PRIMARY KEY (`id`),
  UNIQUE KEY `orders_un` (`id`),
  KEY `orders_FK` (`user_id`),
  CONSTRAINT `orders_FK` FOREIGN KEY (`user_id`) REFERENCES `users` (`id`)
) ENGINE=InnoDB DEFAULT CHARSET=utf8mb4;
/*!40101 SET character_set_client = @saved_cs_client */;

--
-- Dumping data for table `orders`
--

LOCK TABLES `orders` WRITE;
/*!40000 ALTER TABLE `orders` DISABLE KEYS */;
/*!40000 ALTER TABLE `orders` ENABLE KEYS */;
UNLOCK TABLES;

--
-- Table structure for table `product_images`
--

DROP TABLE IF EXISTS `product_images`;
/*!40101 SET @saved_cs_client     = @@character_set_client */;
/*!40101 SET character_set_client = utf8 */;
CREATE TABLE `product_images` (
  `id` int(11) NOT NULL AUTO_INCREMENT,
  `image` varchar(100) NOT NULL,
  `product_id` int(11) NOT NULL,
  PRIMARY KEY (`id`),
  KEY `products_images_FK` (`product_id`),
  CONSTRAINT `products_images_FK` FOREIGN KEY (`product_id`) REFERENCES `products` (`id`)
) ENGINE=InnoDB AUTO_INCREMENT=964 DEFAULT CHARSET=utf8mb4;
/*!40101 SET character_set_client = @saved_cs_client */;

--
-- Dumping data for table `product_images`
--

LOCK TABLES `product_images` WRITE;
/*!40000 ALTER TABLE `product_images` DISABLE KEYS */;
INSERT INTO `product_images` VALUES (51,'1643991288875_img_.jpg',27),(52,'1643991288876_img_.jpg',27),(53,'1643991288877_img_.jpg',27),(54,'1643991288881_img_.jpg',27),(78,'1644023783120_img_.jpg',41),(79,'1644023783174_img_.jpg',41),(80,'1644023783188_img_.png',41),(81,'1644023783278_img_.jpg',41),(96,'1644025889587_img_.jpg',47),(97,'1644025889588_img_.jpg',47),(98,'1644025889589_img_.jpg',47),(99,'1644025889596_img_.jpg',47),(100,'1644026323612_img_.jpg',48),(101,'1644026323625_img_.jpg',48),(102,'1644026323632_img_.jpg',48),(103,'1644026323704_img_.jpg',48),(106,'1644028727771_img_.jpg',51),(107,'1644028727773_img_.jpg',51),(108,'1644028727775_img_.jpg',51),(109,'1644028727777_img_.jpg',51),(114,'1644029144649_img_.jpg',53),(115,'1644029144650_img_.jpg',53),(116,'1644029144654_img_.jpg',53),(117,'1644029144657_img_.jpg',53),(122,'1644050650867_img_.jpg',55),(123,'1644050650949_img_.jpg',55),(124,'1644050650952_img_.jpg',55),(125,'1644050650963_img_.jpg',55),(126,'1644051180542_img_.jpg',56),(127,'1644051180547_img_.jpg',56),(128,'1644051180549_img_.jpg',56),(129,'1644051180554_img_.jpg',56),(130,'1644051475612_img_.jpg',57),(131,'1644051475616_img_.jpg',57),(132,'1644051475619_img_.jpg',57),(133,'1644051475620_img_.jpg',57),(134,'1644194199289_img_.jpg',58),(135,'1644194199317_img_.jpg',58),(136,'1644194199319_img_.jpg',58),(137,'1644194199320_img_.jpg',58),(224,'1647661871710_img_.jpg',75),(225,'1647661871732_img_.jpg',75),(226,'1647661871734_img_.jpg',75),(227,'1647661871735_img_.jpg',75),(228,'1647662114522_img_.jpg',76),(229,'1647662114524_img_.jpg',76),(230,'1647662114525_img_.jpg',76),(231,'1647662114527_img_.jpg',76),(232,'1647662298874_img_.jpg',77),(233,'1647662298875_img_.jpg',77),(234,'1647662298876_img_.jpg',77),(235,'1647662298878_img_.jpg',77),(236,'1647662742280_img_.jpg',78),(237,'1647662742292_img_.jpg',78),(238,'1647662742299_img_.jpg',78),(239,'1647662742310_img_.jpg',78),(240,'1647662941953_img_.jpg',79),(241,'1647662941954_img_.jpg',79),(242,'1647662941956_img_.jpg',79),(243,'1647662941957_img_.jpg',79),(244,'1647700723793_img_.jpg',80),(245,'1647700723797_img_.jpg',80),(246,'1647700723820_img_.jpg',80),(247,'1647700723821_img_.jpg',80),(248,'1647700956193_img_.jpg',81),(249,'1647700956194_img_.jpg',81),(250,'1647700956196_img_.jpg',81),(251,'1647700956198_img_.jpg',81),(252,'1647706099725_img_.jpg',82),(253,'1647706099727_img_.jpg',82),(254,'1647706099729_img_.jpg',82),(255,'1647706099732_img_.jpg',82),(262,'1647832496934_img_.jpg',85),(263,'1647832964670_img_.jpg',86),(264,'1647833235207_img_.jpg',87),(265,'1647833235209_img_.jpg',87),(266,'1647833320414_img_.jpg',88),(267,'1647833320417_img_.jpg',88),(268,'1647833320419_img_.jpg',88),(269,'1647833450933_img_.jpg',89),(270,'1647833450935_img_.jpg',89),(271,'1647833450936_img_.jpg',89),(272,'1647833450939_img_.jpg',89),(273,'1647833527890_img_.jpg',90),(274,'1647833527892_img_.jpg',90),(275,'1647833527901_img_.jpg',90),(276,'1647833586941_img_.jpg',91),(277,'1647833586943_img_.jpg',91),(278,'1647833586945_img_.jpg',91),(279,'1647833648432_img_.jpg',92),(280,'1647833648434_img_.jpg',92),(281,'1647833648436_img_.jpg',92),(282,'1647833693622_img_.jpg',93),(283,'1647833693623_img_.jpg',93),(284,'1647833693626_img_.jpg',93),(285,'1647833749319_img_.jpg',94),(286,'1647833749320_img_.jpg',94),(287,'1647833749322_img_.jpg',94),(288,'1647833794955_img_.jpg',95),(289,'1647833794956_img_.jpg',95),(290,'1647833794960_img_.jpg',95),(291,'1647833857183_img_.jpg',96),(292,'1647833857184_img_.jpg',96),(293,'1647833857195_img_.jpg',96),(294,'1647833912306_img_.jpg',97),(295,'1647833912308_img_.jpg',97),(296,'1647833953415_img_.jpg',98),(297,'1647833953416_img_.jpg',98),(298,'1647833991563_img_.jpg',99),(299,'1647833991565_img_.jpg',99),(300,'1647834152350_img_.jpg',100),(301,'1647834152351_img_.jpg',100),(302,'1647834242833_img_.jpg',101),(303,'1647834282979_img_.jpg',102),(304,'1647834282980_img_.jpg',102),(305,'1647834282984_img_.jpg',102),(306,'1647834329234_img_.jpg',103),(307,'1647834329235_img_.jpg',103),(308,'1647834329237_img_.jpg',103),(309,'1647834361663_img_.jpg',104),(310,'1647834409214_img_.jpg',105),(311,'1647834409218_img_.jpg',105),(312,'1647834409224_img_.jpg',105),(313,'1647834573338_img_.jpg',106),(314,'1647834630507_img_.jpg',107),(315,'1647834630508_img_.jpg',107),(316,'1647834630510_img_.jpg',107),(317,'1647834665706_img_.jpg',108),(318,'1647834665711_img_.jpg',108),(319,'1647834699284_img_.jpg',109),(320,'1647834699290_img_.jpg',109),(321,'1647834731558_img_.jpg',110),(322,'1647834731559_img_.jpg',110),(323,'1647834766278_img_.jpg',111),(324,'1647834766282_img_.jpg',111),(325,'1647834799789_img_.jpg',112),(326,'1647834799790_img_.jpg',112),(327,'1647834833543_img_.jpg',113),(328,'1647834889967_img_.jpg',114),(329,'1647834996210_img_.jpg',115),(330,'1647835051171_img_.jpg',116),(331,'1647835089767_img_.jpg',117),(332,'1647835089769_img_.jpg',117),(333,'1647835131585_img_.jpg',118),(334,'1647835131586_img_.jpg',118),(335,'1647835173924_img_.jpg',119),(336,'1647835173926_img_.jpg',119),(337,'1647835221669_img_.jpg',120),(338,'1647835517136_img_.jpg',121),(339,'1647835517138_img_.jpg',121),(340,'1647835816529_img_.jpg',122),(341,'1647835816530_img_.jpg',122),(342,'1647835894306_img_.jpg',123),(343,'1647835894307_img_.jpg',123),(344,'1647835894318_img_.jpg',123),(345,'1647835894320_img_.jpg',123),(346,'1647836311114_img_.jpg',124),(347,'1647836311116_img_.jpg',124),(348,'1647836311122_img_.jpg',124),(349,'1647836311124_img_.jpg',124),(350,'1647836369573_img_.jpg',125),(351,'1647836369574_img_.jpg',125),(352,'1647836369580_img_.jpg',125),(353,'1647836369581_img_.jpg',125),(354,'1647836443484_img_.jpg',126),(355,'1647836443485_img_.jpg',126),(356,'1647836520100_img_.jpg',127),(357,'1647836520102_img_.jpg',127),(358,'1647836520103_img_.jpg',127),(359,'1647836520105_img_.jpg',127),(360,'1647836615197_img_.jpg',128),(361,'1647836615198_img_.jpg',128),(362,'1647836615199_img_.jpg',128),(363,'1647836615204_img_.jpg',128),(364,'1647836696824_img_.jpg',129),(365,'1647836696825_img_.jpg',129),(366,'1647836696826_img_.jpg',129),(367,'1647836696828_img_.jpg',129),(368,'1647836736906_img_.jpg',130),(369,'1647836887970_img_.jpg',131),(370,'1647836887971_img_.jpg',131),(371,'1647836887972_img_.jpg',131),(372,'1647836887976_img_.jpg',131),(373,'1647836946893_img_.jpg',132),(374,'1647836946896_img_.jpg',132),(375,'1647836946897_img_.jpg',132),(376,'1647836946900_img_.jpg',132),(377,'1647837023335_img_.jpg',133),(378,'1647837023336_img_.jpg',133),(379,'1647837089195_img_.jpg',134),(380,'1647837089196_img_.jpg',134),(381,'1647837089206_img_.jpg',134),(382,'1647837141054_img_.jpg',135),(383,'1647837141055_img_.jpg',135),(384,'1647837141057_img_.jpg',135),(385,'1647837201974_img_.jpg',136),(386,'1647837201976_img_.jpg',136),(387,'1647837201979_img_.jpg',136),(388,'1647837201981_img_.jpg',136),(389,'1647837253811_img_.jpg',137),(390,'1647837253812_img_.jpg',137),(391,'1647837253814_img_.jpg',137),(392,'1647837253816_img_.jpg',137),(393,'1647837308919_img_.jpg',138),(394,'1647837308922_img_.jpg',138),(395,'1647837308924_img_.jpg',138),(396,'1647837308925_img_.jpg',138),(397,'1647837359794_img_.jpg',139),(398,'1647837359796_img_.jpg',139),(399,'1647837359797_img_.jpg',139),(400,'1647837422828_img_.jpg',140),(401,'1647837422829_img_.jpg',140),(402,'1647837422831_img_.jpg',140),(403,'1647837422832_img_.jpg',140),(404,'1647837493584_img_.jpg',141),(405,'1647837493585_img_.jpg',141),(406,'1647837493586_img_.jpg',141),(407,'1647837493587_img_.jpg',141),(408,'1647837569795_img_.jpg',142),(409,'1647837569797_img_.jpg',142),(410,'1647837569798_img_.jpg',142),(411,'1647837569804_img_.jpg',142),(412,'1647837617089_img_.jpg',143),(413,'1647837617093_img_.jpg',143),(414,'1647837617105_img_.jpg',143),(415,'1647837617110_img_.jpg',143),(416,'1647837677507_img_.jpg',144),(417,'1647837677509_img_.jpg',144),(418,'1647837677512_img_.jpg',144),(419,'1647837677513_img_.jpg',144),(420,'1647837772878_img_.jpg',145),(421,'1647837772879_img_.jpg',145),(422,'1647837772880_img_.jpg',145),(423,'1647837772882_img_.jpg',145),(424,'1647837833866_img_.jpg',146),(425,'1647837833870_img_.jpg',146),(426,'1647837833882_img_.jpg',146),(427,'1647837833885_img_.jpg',146),(428,'1647870350169_img_.jpg',147),(429,'1647870350208_img_.jpg',147),(430,'1647870350212_img_.jpg',147),(431,'1647870350213_img_.jpg',147),(432,'1647870435360_img_.jpg',148),(433,'1647870435362_img_.jpg',148),(434,'1647870435376_img_.jpg',148),(435,'1647870435382_img_.jpg',148),(436,'1647870552768_img_.jpg',149),(437,'1647870552770_img_.jpg',149),(438,'1647870552771_img_.jpg',149),(439,'1647870552773_img_.jpg',149),(440,'1647870616632_img_.jpg',150),(441,'1647870616633_img_.jpg',150),(442,'1647870616635_img_.jpg',150),(443,'1647870616636_img_.jpg',150),(444,'1647870799315_img_.jpg',151),(445,'1647870799316_img_.jpg',151),(446,'1647870799323_img_.jpg',151),(447,'1647870871109_img_.jpg',152),(448,'1647870871112_img_.jpg',152),(449,'1647870871114_img_.jpg',152),(450,'1647870871116_img_.jpg',152),(451,'1647870903007_img_.jpg',153),(452,'1647870957757_img_.jpg',154),(453,'1647870957758_img_.jpg',154),(454,'1647870957760_img_.jpg',154),(455,'1647871047090_img_.jpg',155),(456,'1647871047092_img_.jpg',155),(457,'1647871047109_img_.jpg',155),(458,'1647871047113_img_.jpg',155),(459,'1647871103128_img_.jpg',156),(460,'1647871103130_img_.jpg',156),(461,'1647871103143_img_.jpg',156),(462,'1647871103145_img_.jpg',156),(463,'1647871151329_img_.jpg',157),(464,'1647871151331_img_.jpg',157),(465,'1647871151333_img_.jpg',157),(466,'1647871151334_img_.jpg',157),(467,'1647871210030_img_.jpg',158),(468,'1647871210032_img_.jpg',158),(469,'1647872158671_img_.jpg',159),(470,'1647872218158_img_.jpg',160),(471,'1647872218158_img_.jpg',160),(472,'1647872218159_img_.jpg',160),(473,'1647872218161_img_.jpg',160),(474,'1647872262546_img_.jpg',161),(475,'1647872262549_img_.jpg',161),(476,'1647872302605_img_.jpg',162),(477,'1647872302607_img_.jpg',162),(478,'1647872302608_img_.jpg',162),(479,'1647872349051_img_.jpg',163),(480,'1647872392589_img_.jpg',164),(481,'1647872424660_img_.jpg',165),(482,'1647872458033_img_.jpg',166),(483,'1647875475361_img_.jpg',167),(484,'1647875508589_img_.jpg',168),(485,'1647875558038_img_.jpg',169),(486,'1647875558039_img_.jpg',169),(487,'1647875558041_img_.jpg',169),(488,'1647875558043_img_.jpg',169),(489,'1647875590776_img_.jpg',170),(490,'1647875641678_img_.jpg',171),(491,'1647875641683_img_.jpg',171),(492,'1647875641686_img_.jpg',171),(493,'1647875641688_img_.jpg',171),(494,'1647875679507_img_.jpg',172),(495,'1647875679508_img_.jpg',172),(496,'1647875716046_img_.jpg',173),(497,'1647875761714_img_.jpg',174),(498,'1647875826169_img_.jpg',175),(499,'1647875826171_img_.jpg',175),(500,'1647875878349_img_.jpg',176),(501,'1647875878351_img_.jpg',176),(502,'1647875878353_img_.jpg',176),(503,'1647875878355_img_.jpg',176),(504,'1647875918288_img_.jpg',177),(505,'1647875984142_img_.jpg',178),(506,'1647875984143_img_.jpg',178),(507,'1647875984145_img_.jpg',178),(508,'1647875984146_img_.jpg',178),(509,'1647876026744_img_.jpg',179),(510,'1647876026747_img_.jpg',179),(511,'1647876026748_img_.jpg',179),(512,'1647876026749_img_.jpg',179),(513,'1647876070211_img_.jpg',180),(514,'1647876070212_img_.jpg',180),(515,'1647876070215_img_.jpg',180),(516,'1647876118667_img_.jpg',181),(517,'1647876118669_img_.jpg',181),(518,'1647876118671_img_.jpg',181),(519,'1647876118673_img_.jpg',181),(520,'1647876164553_img_.jpg',182),(521,'1647876164555_img_.jpg',182),(522,'1647876164557_img_.jpg',182),(523,'1647876164558_img_.jpg',182),(524,'1647876209686_img_.jpg',183),(525,'1647876209687_img_.jpg',183),(526,'1647876209689_img_.jpg',183),(527,'1647876209690_img_.jpg',183),(528,'1647876257348_img_.jpg',184),(529,'1647876257350_img_.jpg',184),(530,'1647876257351_img_.jpg',184),(531,'1647876257352_img_.jpg',184),(532,'1647876307849_img_.jpg',185),(533,'1647876307851_img_.jpg',185),(534,'1647876307853_img_.jpg',185),(535,'1647876307855_img_.jpg',185),(536,'1647876354725_img_.jpg',186),(537,'1647876354726_img_.jpg',186),(538,'1647876354728_img_.jpg',186),(539,'1647876354730_img_.jpg',186),(540,'1647876400530_img_.jpg',187),(541,'1647876400531_img_.jpg',187),(542,'1647876400533_img_.jpg',187),(543,'1647876400534_img_.jpg',187),(544,'1647876441768_img_.jpg',188),(545,'1647876441769_img_.jpg',188),(546,'1647876441771_img_.jpg',188),(547,'1647876475783_img_.jpg',189),(548,'1647876475784_img_.jpg',189),(549,'1647876505268_img_.jpg',190),(550,'1647876556186_img_.jpg',191),(551,'1647876556188_img_.jpg',191),(552,'1647876556191_img_.jpg',191),(553,'1647876556193_img_.jpg',191),(554,'1647876604170_img_.jpg',192),(555,'1647876604171_img_.jpg',192),(556,'1647876604172_img_.jpg',192),(557,'1647876604173_img_.jpg',192),(558,'1647876645408_img_.jpg',193),(559,'1647876645409_img_.jpg',193),(560,'1647876645410_img_.jpg',193),(561,'1647876645412_img_.jpg',193),(562,'1647876689823_img_.jpg',194),(563,'1647876689824_img_.jpg',194),(564,'1647876689827_img_.jpg',194),(565,'1647876689829_img_.jpg',194),(566,'1647876729440_img_.jpg',195),(567,'1647876760567_img_.jpg',196),(568,'1647876853962_img_.jpg',197),(569,'1647876853963_img_.jpg',197),(570,'1647876853965_img_.jpg',197),(571,'1647876853967_img_.jpg',197),(572,'1647876899268_img_.jpg',198),(573,'1647876899269_img_.jpg',198),(574,'1647876899270_img_.jpg',198),(575,'1647876899272_img_.jpg',198),(576,'1647876933708_img_.jpg',199),(577,'1647876933709_img_.jpg',199),(578,'1647876980968_img_.jpg',200),(579,'1647876980970_img_.jpg',200),(580,'1647876980971_img_.jpg',200),(581,'1647876980973_img_.jpg',200),(582,'1647877020637_img_.jpg',201),(583,'1647877020639_img_.jpg',201),(584,'1647877020641_img_.jpg',201),(585,'1647877020642_img_.jpg',201),(586,'1647877058642_img_.jpg',202),(587,'1647877058643_img_.jpg',202),(588,'1647877058646_img_.jpg',202),(589,'1647877058648_img_.jpg',202),(590,'1647877093734_img_.jpg',203),(591,'1647877093736_img_.jpg',203),(592,'1647877093737_img_.jpg',203),(593,'1647877093739_img_.jpg',203),(594,'1647877123459_img_.jpg',204),(595,'1647877188731_img_.jpg',205),(596,'1647877188735_img_.jpg',205),(597,'1647877188736_img_.jpg',205),(598,'1647877188737_img_.jpg',205),(599,'1647877229799_img_.jpg',206),(600,'1647877229800_img_.jpg',206),(601,'1647877229803_img_.jpg',206),(602,'1647877229804_img_.jpg',206),(603,'1647877267385_img_.jpg',207),(604,'1647877267387_img_.jpg',207),(605,'1647877267388_img_.jpg',207),(606,'1647877267389_img_.jpg',207),(607,'1647877296729_img_.jpg',208),(608,'1647877344436_img_.jpg',209),(609,'1647877344437_img_.jpg',209),(610,'1647877344438_img_.jpg',209),(611,'1647877344440_img_.jpg',209),(612,'1647877378894_img_.jpg',210),(613,'1647877378896_img_.jpg',210),(614,'1647877421333_img_.jpg',211),(615,'1647877421335_img_.jpg',211),(616,'1647877421337_img_.jpg',211),(617,'1647877421339_img_.jpg',211),(618,'1647877452836_img_.jpg',212),(619,'1647877496326_img_.jpg',213),(620,'1647877524987_img_.jpg',214),(621,'1647877551075_img_.jpg',215),(622,'1647877583781_img_.jpg',216),(623,'1647877632711_img_.jpg',217),(624,'1647877632712_img_.jpg',217),(625,'1647877632714_img_.jpg',217),(626,'1647877632717_img_.jpg',217),(627,'1647877675832_img_.jpg',218),(628,'1647877675834_img_.jpg',218),(629,'1647877675836_img_.jpg',218),(630,'1647877675837_img_.jpg',218),(631,'1647877718844_img_.jpg',219),(632,'1647877718846_img_.jpg',219),(633,'1647877718849_img_.jpg',219),(634,'1647877718851_img_.jpg',219),(635,'1647877771831_img_.jpg',220),(636,'1647877771832_img_.jpg',220),(637,'1647877771834_img_.jpg',220),(638,'1647877771836_img_.jpg',220),(639,'1647877803553_img_.jpg',221),(640,'1647877831161_img_.jpg',222),(641,'1647877854092_img_.jpg',223),(642,'1647877883648_img_.jpg',224),(643,'1647877929645_img_.jpg',225),(644,'1647877929648_img_.jpg',225),(645,'1647877929649_img_.jpg',225),(646,'1647877929650_img_.jpg',225),(647,'1647877971946_img_.jpg',226),(648,'1647877971948_img_.jpg',226),(649,'1647877971949_img_.jpg',226),(650,'1647877971952_img_.jpg',226),(651,'1647878012043_img_.jpg',227),(652,'1647878061129_img_.jpg',228),(653,'1647878061130_img_.jpg',228),(654,'1647878061131_img_.jpg',228),(655,'1647878061133_img_.jpg',228),(656,'1647878480231_img_.jpg',229),(657,'1647878480233_img_.jpg',229),(658,'1647878480245_img_.jpg',229),(659,'1647878480246_img_.jpg',229),(665,'1647884222314_img_.jpg',232),(666,'1647884282831_img_.jpg',233),(667,'1647884282842_img_.jpg',233),(668,'1647884282855_img_.jpg',233),(669,'1647884282856_img_.jpg',233),(670,'1647884339647_img_.jpg',234),(671,'1647884339649_img_.jpg',234),(672,'1647884339654_img_.jpg',234),(673,'1647884339656_img_.jpg',234),(674,'1647884388984_img_.jpg',235),(675,'1647884425528_img_.jpg',236),(676,'1647884425530_img_.jpg',236),(677,'1647884588165_img_.jpg',237),(678,'1647884588167_img_.jpg',237),(679,'1647884588167_img_.jpg',237),(680,'1647884588169_img_.jpg',237),(681,'1647884664794_img_.jpg',238),(682,'1647884664802_img_.jpg',238),(683,'1647884664806_img_.jpg',238),(684,'1647884664813_img_.jpg',238),(685,'1647884825324_img_.jpg',239),(686,'1647884825335_img_.jpg',239),(687,'1647884825341_img_.jpg',239),(688,'1647884825349_img_.jpg',239),(689,'1647884898879_img_.jpg',240),(690,'1647884898880_img_.jpg',240),(691,'1647884898882_img_.jpg',240),(692,'1647884898885_img_.jpg',240),(693,'1647884954955_img_.jpg',241),(694,'1647884954957_img_.jpg',241),(695,'1647884954958_img_.jpg',241),(696,'1647884954959_img_.jpg',241),(697,'1647885020684_img_.jpg',242),(698,'1647885020698_img_.jpg',242),(699,'1647885020699_img_.jpg',242),(700,'1647885020705_img_.jpg',242),(701,'1647885071220_img_.jpg',243),(702,'1647885113199_img_.jpg',244),(703,'1647885177644_img_.jpg',245),(704,'1647885177653_img_.jpg',245),(705,'1647885229711_img_.jpg',246),(706,'1647885229729_img_.jpg',246),(707,'1647885229734_img_.jpg',246),(708,'1647885229739_img_.jpg',246),(709,'1647885361150_img_.jpg',247),(710,'1647885361151_img_.jpg',247),(711,'1647885361152_img_.jpg',247),(712,'1647885361157_img_.jpg',247),(713,'1647885411704_img_.jpg',248),(714,'1647885411706_img_.jpg',248),(715,'1647885411709_img_.jpg',248),(716,'1647885411710_img_.jpg',248),(717,'1647893278129_img_.jpg',249),(718,'1647893278133_img_.jpg',249),(719,'1647893278138_img_.jpg',249),(720,'1647893278139_img_.jpg',249),(721,'1647893377513_img_.jpg',250),(722,'1647893377514_img_.jpg',250),(723,'1647893377516_img_.jpg',250),(724,'1647893377516_img_.jpg',250),(725,'1647893441946_img_.jpg',251),(726,'1647893441947_img_.jpg',251),(727,'1647893441949_img_.jpg',251),(728,'1647893441950_img_.jpg',251),(729,'1647893536392_img_.jpg',252),(730,'1647893536394_img_.jpg',252),(731,'1647893536396_img_.jpg',252),(732,'1647893536398_img_.jpg',252),(733,'1647893657676_img_.jpg',253),(734,'1647893657677_img_.jpg',253),(735,'1647893657678_img_.jpg',253),(736,'1647893657680_img_.jpg',253),(737,'1647893721839_img_.jpg',254),(738,'1647893721840_img_.jpg',254),(739,'1647893721843_img_.jpg',254),(740,'1647893721844_img_.jpg',254),(741,'1647893811105_img_.jpg',255),(742,'1647893811106_img_.jpg',255),(743,'1647893811108_img_.jpg',255),(744,'1647893811110_img_.jpg',255),(745,'1647893883683_img_.jpg',256),(746,'1647893883684_img_.jpg',256),(747,'1647893883686_img_.jpg',256),(748,'1647893933798_img_.jpg',257),(749,'1647893933799_img_.jpg',257),(750,'1647893933801_img_.jpg',257),(751,'1647893933802_img_.jpg',257),(752,'1647893980619_img_.jpg',258),(753,'1647893980620_img_.jpg',258),(754,'1647894037182_img_.jpg',259),(755,'1647894037183_img_.jpg',259),(756,'1647894037185_img_.jpg',259),(757,'1647894037186_img_.jpg',259),(758,'1647896256453_img_.jpg',260),(759,'1647896256489_img_.jpg',260),(760,'1647896256492_img_.jpg',260),(761,'1647896307524_img_.jpg',261),(762,'1647896307525_img_.jpg',261),(763,'1647896307528_img_.jpg',261),(764,'1647898670628_img_.jpg',262),(765,'1647898670629_img_.jpg',262),(766,'1647898670630_img_.jpg',262),(767,'1647898670633_img_.jpg',262),(768,'1647898770055_img_.jpg',263),(769,'1647898770056_img_.jpg',263),(770,'1647898770058_img_.jpg',263),(771,'1647898770061_img_.png',263),(772,'1647898823419_img_.jpg',264),(773,'1647898823420_img_.jpg',264),(774,'1647898823422_img_.jpg',264),(775,'1647898875677_img_.jpg',265),(776,'1647898875679_img_.jpg',265),(777,'1647898875680_img_.jpg',265),(778,'1647898875682_img_.jpg',265),(779,'1647898928544_img_.jpg',266),(780,'1647898928546_img_.jpg',266),(781,'1647898928547_img_.jpg',266),(782,'1647898928548_img_.jpg',266),(783,'1647898981864_img_.jpg',267),(784,'1647898981865_img_.jpg',267),(785,'1647899059234_img_.jpg',268),(786,'1647899059235_img_.jpg',268),(787,'1647899059236_img_.jpg',268),(788,'1647899119090_img_.jpg',269),(789,'1647899119091_img_.jpg',269),(790,'1647899119092_img_.jpg',269),(791,'1647899167406_img_.jpg',270),(792,'1647899167407_img_.jpg',270),(793,'1647899167409_img_.jpg',270),(794,'1647899167410_img_.jpg',270),(795,'1647899257160_img_.jpg',271),(796,'1647899257162_img_.jpg',271),(797,'1647899257163_img_.jpg',271),(798,'1647899257164_img_.jpg',271),(799,'1647899351230_img_.jpg',272),(800,'1647899351231_img_.jpg',272),(801,'1647899351234_img_.jpg',272),(802,'1647899351235_img_.jpg',272),(803,'1647899399527_img_.jpg',273),(804,'1647899399528_img_.jpg',273),(805,'1647899399529_img_.jpg',273),(806,'1647899545206_img_.jpg',274),(807,'1647899545209_img_.jpg',274),(808,'1647899545211_img_.jpg',274),(809,'1647899585628_img_.jpg',275),(810,'1647899585629_img_.jpg',275),(811,'1647899585631_img_.jpg',275),(812,'1647899629465_img_.jpg',276),(813,'1647899629466_img_.jpg',276),(814,'1647899629467_img_.jpg',276),(815,'1647899672831_img_.jpg',277),(816,'1647899672832_img_.jpg',277),(817,'1647899672833_img_.jpg',277),(818,'1647899672834_img_.jpg',277),(819,'1647899817548_img_.jpg',278),(820,'1647899817550_img_.jpg',278),(821,'1647899817551_img_.jpg',278),(822,'1647899871680_img_.jpg',279),(823,'1647899871681_img_.jpg',279),(824,'1647899871683_img_.jpg',279),(825,'1647899960102_img_.jpg',280),(826,'1647899960103_img_.jpg',280),(827,'1647899960105_img_.jpg',280),(828,'1647899960106_img_.jpg',280),(829,'1647900984533_img_.jpg',281),(830,'1647900984534_img_.jpg',281),(831,'1647900984535_img_.jpg',281),(832,'1647901045485_img_.jpg',282),(833,'1647901045487_img_.jpg',282),(834,'1647901045489_img_.jpg',282),(835,'1647901045490_img_.jpg',282),(836,'1647901095434_img_.jpg',283),(837,'1647901095436_img_.jpg',283),(838,'1647901095437_img_.jpg',283),(839,'1647901178605_img_.jpg',284),(840,'1647901178606_img_.jpg',284),(841,'1647901178607_img_.jpg',284),(842,'1647901262489_img_.jpg',285),(843,'1647901262491_img_.jpg',285),(844,'1647901262493_img_.jpg',285),(845,'1647901314184_img_.jpg',286),(846,'1647901314185_img_.jpg',286),(847,'1647901314186_img_.jpg',286),(848,'1647901361891_img_.jpg',287),(849,'1647901361893_img_.jpg',287),(850,'1647901361894_img_.jpg',287),(851,'1647901424895_img_.jpg',288),(852,'1647901424896_img_.jpg',288),(853,'1647901424899_img_.jpg',288),(854,'1647901424900_img_.jpg',288),(855,'1647901906181_img_.jpg',289),(856,'1647901906183_img_.jpg',289),(857,'1647901906185_img_.jpg',289),(858,'1647901906186_img_.jpg',289),(859,'1647902024592_img_.jpg',290),(860,'1647902024594_img_.jpg',290),(861,'1647902024596_img_.jpg',290),(862,'1647902024597_img_.jpg',290),(863,'1647902146124_img_.jpg',291),(864,'1647902146126_img_.jpg',291),(865,'1647902146128_img_.jpg',291),(866,'1647902188370_img_.jpg',292),(867,'1647902188371_img_.jpg',292),(868,'1647902188373_img_.jpg',292),(869,'1647902230061_img_.jpg',293),(870,'1647902230063_img_.jpg',293),(871,'1647902230064_img_.jpg',293),(872,'1647902230078_img_.jpg',293),(873,'1647902279996_img_.jpg',294),(874,'1647902279997_img_.jpg',294),(875,'1647902280001_img_.jpg',294),(876,'1647902332298_img_.jpg',295),(877,'1647902332299_img_.jpg',295),(878,'1647902332301_img_.jpg',295),(879,'1647902380992_img_.jpg',296),(880,'1647902380993_img_.jpg',296),(881,'1647902380995_img_.jpg',296),(882,'1647902380997_img_.jpg',296),(883,'1647902421081_img_.jpg',297),(884,'1647902421083_img_.jpg',297),(885,'1647902421084_img_.jpg',297),(886,'1647902478191_img_.jpg',298),(887,'1647902478192_img_.jpg',298),(888,'1647902478194_img_.jpg',298),(889,'1647902478208_img_.jpg',298),(890,'1647902520951_img_.jpg',299),(891,'1647902520952_img_.jpg',299),(892,'1647902520954_img_.jpg',299),(893,'1647902571193_img_.jpg',300),(894,'1647902571194_img_.jpg',300),(895,'1647902571196_img_.jpg',300),(896,'1647902769342_img_.jpg',301),(897,'1647902769344_img_.jpg',301),(898,'1647902769346_img_.jpg',301),(899,'1647903295141_img_.jpg',302),(900,'1647903295143_img_.jpg',302),(901,'1647903295144_img_.jpg',302),(902,'1647903295148_img_.jpg',302),(903,'1647903593178_img_.jpg',303),(904,'1647903593179_img_.jpg',303),(905,'1647903593181_img_.jpg',303),(906,'1647903870495_img_.jpg',304),(907,'1647903870496_img_.jpg',304),(908,'1647903870498_img_.jpg',304),(909,'1647903929099_img_.jpg',305),(910,'1647903929100_img_.jpg',305),(911,'1647904008874_img_.jpg',306),(912,'1647904008875_img_.jpg',306),(913,'1647904008879_img_.jpg',306),(914,'1647904008881_img_.jpg',306),(915,'1647904062386_img_.jpg',307),(916,'1647904131298_img_.jpg',308),(917,'1647904131302_img_.jpg',308),(918,'1647904131303_img_.jpg',308),(919,'1647904131305_img_.jpg',308),(920,'1647904177889_img_.jpg',309),(921,'1647904221564_img_.jpg',310),(922,'1647904276877_img_.jpg',311),(923,'1647904423518_img_.jpg',312),(924,'1647904488391_img_.jpg',313),(925,'1647904488395_img_.jpg',313),(926,'1647904488396_img_.jpg',313),(927,'1647904488398_img_.jpg',313),(928,'1647904521010_img_.jpg',314),(929,'1647904559147_img_.jpg',315),(930,'1647904621271_img_.jpg',316),(931,'1647904621272_img_.jpg',316),(932,'1647904621274_img_.jpg',316),(933,'1647904621275_img_.jpg',316),(934,'1647905259144_img_.jpeg',317),(935,'1647905259145_img_.jpeg',317),(936,'1647905259146_img_.jpeg',317),(937,'1647905259148_img_.jpeg',317),(938,'1647905795238_img_.jpg',318),(939,'1647905795254_img_.jpg',318),(940,'1647905795260_img_.jpg',318),(941,'1647905896263_img_.jpg',319),(942,'1647905896269_img_.jpg',319),(943,'1647905896275_img_.jpg',319),(944,'1647905896335_img_.jpg',319),(945,'1647906136267_img_.jpg',320),(946,'1647906136282_img_.jpg',320),(947,'1647906136289_img_.jpg',320),(948,'1647906280222_img_.jpg',321),(949,'1647906280241_img_.jpg',321),(950,'1647906280252_img_.jpg',321),(951,'1647906280265_img_.jpg',321),(952,'1647906337733_img_.jpg',322),(953,'1647906337749_img_.jpg',322),(954,'1647906337754_img_.jpg',322),(955,'1647906384403_img_.jpg',323),(956,'1647906384414_img_.jpg',323),(957,'1647906384432_img_.jpg',323),(958,'1647906696436_img_.jpg',324),(959,'1647906696437_img_.jpg',324),(960,'1647906696439_img_.jpg',324),(961,'1647906772106_img_.jpg',325),(962,'1647906772108_img_.jpg',325),(963,'1647906772109_img_.jpg',325);
/*!40000 ALTER TABLE `product_images` ENABLE KEYS */;
UNLOCK TABLES;

--
-- Table structure for table `products`
--

DROP TABLE IF EXISTS `products`;
/*!40101 SET @saved_cs_client     = @@character_set_client */;
/*!40101 SET character_set_client = utf8 */;
CREATE TABLE `products` (
  `id` int(11) NOT NULL AUTO_INCREMENT,
  `name` varchar(45) NOT NULL,
  `price` int(11) unsigned NOT NULL,
  `discount` int(11) unsigned DEFAULT NULL,
  `description` varchar(500) DEFAULT NULL,
  `subcategory_id` int(11) NOT NULL,
  `createdAt` timestamp NULL DEFAULT NULL,
  `updatedAt` timestamp NULL DEFAULT NULL,
  PRIMARY KEY (`id`),
  UNIQUE KEY `id_UNIQUE` (`id`),
  KEY `subcategory_id` (`subcategory_id`),
  CONSTRAINT `subcategory` FOREIGN KEY (`subcategory_id`) REFERENCES `subcategories` (`id`) ON DELETE NO ACTION ON UPDATE NO ACTION
) ENGINE=InnoDB AUTO_INCREMENT=326 DEFAULT CHARSET=utf8;
/*!40101 SET character_set_client = @saved_cs_client */;

--
-- Dumping data for table `products`
--

LOCK TABLES `products` WRITE;
/*!40000 ALTER TABLE `products` DISABLE KEYS */;
INSERT INTO `products` VALUES (27,'Marvel Avengers: Endgame - Hacha electrónica ',7000,10,'El poderoso Thor, hijo de Odín, usa sus superpoderes para proteger del mal tanto a su pueblo Asgard como al planeta Tierra. Este posee un hacha desde que su malvada hermana destruyó su martillo Mjölnir. El hacha fue forjada para ayudar a los Vengadores a derrotar a Thanos, el titán loco. Fans y coleccionistas pueden crear momentos emocionantes con el poder del trueno que retumba en sus manos mientras empuñas el Hacha Stormbreaker inspirado en la película Avengers: Endgame',4,'2022-02-04 16:14:48','2022-03-16 17:13:42'),(41,'Casco realista  de Master Chief ',6000,10,'Réplica de casco, disfraz de Cosplay, máscara de cabeza completa, equipo de PVC, accesorios de juego de jefe maestro.\r\nCasco Prop réplica disfraz de Cosplay máscara de cabeza completa equipo de PVC Accesorios de juego de jefe maestro\r\n\r\nMaterial: PVC\r\n\r\nRecubrimiento: un casco\r\n\r\nTamaño: 55cm-62cm puede usarlo ',6,'2022-02-05 01:16:23','2022-02-05 01:16:23'),(47,'Batman 1oz Silver Coin',7500,20,'Esta moneda de plata pura de 1 onza de forma única sigue la forma de la cara de BATMAN, con un diseño que incluye algo de relieve en la cubierta para dar una mayor sensación 3D. La colección está empaquetada dentro de un estuche de marca compacto y moderno, diseñado con una ventana para permitirle mostrar el premio en el interior. ',5,'2022-02-05 01:51:29','2022-02-05 01:51:29'),(48,'The Joker HJC RPHA 11 Pro',9000,5,'Construido originalmente para la pista de carreras, el RPHA 11 Pro es el casco deportivo premium de HJC, diseñado con una estructura de carcasa aerodinámica para un rendimiento extremo a velocidades máximas. La composición de la calota Premium Integrated Matrix (P.I.M Plus) proporciona un rendimiento mejorado a prueba de golpes y un casco más cómodo y liviano.',5,'2022-02-05 01:58:43','2022-02-05 01:58:43'),(51,'Grapple Launcher',4000,0,'Factory Entertainment está aquí para ayudar a expandir la experiencia de coleccionismo de la cultura pop con su línea Scaled Prop Replica. Todas las réplicas de accesorios a escala están disponibles a un precio básico y asequible sin escatimar en los detalles finos que los coleccionistas esperan de las réplicas a gran escala de Factory Entertainment.',5,'2022-02-05 02:38:47','2022-02-05 02:38:47'),(53,'Batman & Joker Roll-top Backpack',5000,0,'Batman y el Guasón. ¿Puede uno realmente existir sin el otro? El último superhéroe y el último supervillano, el orden y el caos, y sin embargo, dos caras de la misma moneda. Nuestra mochila te permite explorar ambos lados, inspirada en el Caballero Oscuro y su archienemigo en su diseño. Y dependiendo de si se siente heroico o más amenazante, puede cambiar fácilmente el logotipo que desea mostrar.',5,'2022-02-05 02:45:44','2022-02-05 02:45:44'),(55,'Wonder Woman Golden Armor Helmet',4500,0,'Copiada directamente del accesorio original con gran atención a los detalles, esta impresionante réplica a escala real presenta una construcción totalmente metálica y un acabado chapado en oro brillante. Cada réplica de Golden Helmet Prop incluye un soporte de metal, lo que le permite exhibir con orgullo esta reproducción de una pieza de la icónica armadura de la princesa amazónica.',5,'2022-02-05 08:44:10','2022-02-05 08:44:10'),(56,'Poké Ball',2000,0,'The Wand Company se enorgullecen de presentar la Poké Ball. Esta réplica de Poké Ball de alta calidad y alta precisión, fabricada con una carcasa de metal diseñada, tiene una superficie de colores intensos que es sensible al tacto y la proximidad. Con su botón brillantemente iluminado y su caja de presentación iluminada que se levanta para mostrar, esta Poké Ball promete ser una hermosa adición a cualquier colección de Pokémon.',6,'2022-02-05 08:53:00','2022-02-05 08:53:00'),(57,'Great Ball',3000,0,'Esta réplica de gran bola de gran precisión y calidad superior está fabricada con una carcasa de metal de ingeniería y tiene una superficie de colores intensos que es sensible al tacto y la proximidad, y cuenta con un botón brillantemente iluminado y una caja de presentación iluminada que se levanta para mostrar. ¡Esta Gran Bola promete ser una hermosa adición a cualquier colección de Pokémon!',6,'2022-02-05 08:57:55','2022-02-05 08:57:55'),(58,'Ultra Ball',5000,0,'Esta réplica de Ultra Ball de alta calidad y alta precisión está hecha con una carcasa de metal diseñada, tiene una superficie de colores intensos que es sensible al tacto y la proximidad y cuenta con un botón brillantemente iluminado y una caja de presentación iluminada que se levanta para mostrar. ¡Esta Ultra Ball promete ser una hermosa adición a cualquier colección de Pokémon!',6,'2022-02-07 00:36:39','2022-02-07 00:36:39'),(75,'Red Ranger Power Sword Letter Opener',6000,10,'¡Icon Heroes presenta el abrecartas Power Rangers Red Ranger Power Sword! Una de las armas más memorables de los Power Rangers de Mighty Morphin, este abrecartas de metal altamente detallado mide aproximadamente 7 pulgadas de largo.\r\n\r\n',2,'2022-03-19 03:51:11','2022-03-19 03:51:11'),(76,'Green Ranger Helmet Pen Holder',7300,0,'¡Icon Heroes presenta el portalápices para casco Power Rangers Green Ranger! Con una altura de casi 6 pulgadas, el casco de Tommy Oliver puede contener muchos bolígrafos de varios tamaños (no incluidos). Cuando no esté en uso, simplemente coloque la tapa en la parte superior para una pantalla completa del casco.',2,'2022-03-19 03:55:14','2022-03-19 03:55:14'),(77,'Casco Char Aznable',5700,5,'¡De la serie de anime, Mobile Suit Gundam viene un modelo a escala real del casco de traje estándar usado por Char Aznable! El casco de tamaño natural mide aproximadamente 11,8 pulgadas de alto y ha sido esculpido de manera realista en escala 1: 1.\r\n\r\nLa visera azul transparente se puede quitar y volver a colocar, y la parte trasera del casco utiliza imanes para quitar y volver a colocar fácilmente. El interior cuenta con un cojín de uretano.',6,'2022-03-19 03:58:18','2022-03-19 03:58:18'),(78,'Pikachu Waffle Maker',9400,5,'A todos los fans de Pokémon les encantará nuestra gofrera Pikachu. Lleva el desayuno al universo Pocket Monster con esta gofrera antiadherente. Ya sea que le gusten dorados y crujientes o tiernos y dorados, el termostato regulado y la tapa con peso aseguran un calentamiento uniforme, mientras que las luces indicadoras duales facilitan agregar la masa y retirar el producto terminado.',3,'2022-03-19 04:05:42','2022-03-19 04:05:42'),(79,'Darth Vader Waffle Maker',7900,0,'Haz waffles de Darth Vader en casa con este ingenioso artilugio. Vierta la masa, coloque la tapa hacia abajo y luego está el villano más famoso de la galaxia, listo para el almíbar, el azúcar en polvo y la mantequilla.\r\nHace dos waffles de diferentes tamaños: waffles de 6\" con el casco de Darth Vader o un waffle más grande de 7\" al verter la masa en todo el plato redondo que creará un waffle redondo grande con Vader en el medio.\r\n',2,'2022-03-19 04:09:02','2022-03-19 04:09:02'),(80,'Premier Ball',8450,0,'La gama de réplicas de Poké Ball fundidas a presión de The Wand Company son las primeras réplicas coleccionables para los fans de Pokémon.\r\n\r\nEsta réplica de Premier Ball de alta calidad y alta precisión está hecha con una carcasa de metal diseñada, tiene una superficie de colores intensos que es sensible al tacto y la proximidad, y cuenta con un botón brillantemente iluminado y una caja de presentación iluminada que se levanta para mostrar.',6,'2022-03-19 14:38:43','2022-03-19 14:38:43'),(81,'Heal Ball',6500,2,'Sideshow y The Wand Company se enorgullecen de presentar la réplica de Heal Ball.\r\nEsta réplica de Heal Ball de alta calidad y alta precisión está hecha con una carcasa de metal diseñada, tiene una superficie de hermosos colores que es sensible al tacto y la proximidad, y cuenta con un botón brillantemente iluminado y una caja de presentación iluminada que se levanta para mostrar. ¡Esta Heal Ball promete ser una maravillosa adición a cualquier colección de Pokémon!',6,'2022-03-19 14:42:36','2022-03-19 14:42:36'),(82,'Dusk Ball',10000,5,'Sideshow y The Wand Company se enorgullecen en presentar la Dusk Ball Replica.\r\nEsta réplica de Dusk Ball de alta calidad y alta precisión está hecha con una carcasa de metal diseñada, tiene una superficie de colores intensos que es sensible al tacto y la proximidad, y cuenta con un botón brillantemente iluminado y una caja de presentación iluminada que se levanta para mostrar. ¡Esta Dusk Ball promete ser una hermosa adición a cualquier colección de Pokémon!',6,'2022-03-19 16:08:19','2022-03-19 16:08:19'),(85,'aaaaaaaaaaaaa',12121,0,'<aaaaaaaaaaaaaaaaaaaaaaaaaaa',1,'2022-03-21 03:14:56','2022-03-21 03:14:56'),(86,'Funko Pop Fornite Highrise Assault Trooper N°',7500,0,'\r\nTipo de producto: figura de colección\r\nSobre la base de: videojuego\r\nAncho: 889 mm\r\nProfundidad: 114 mm\r\nAltura: 165 mm\r\nTipo de embalaje: caja con ventana\r\nCantidad por paquete: 1 pieza (s)\r\nIdiomas de embalaje (formato ISO 639): inglés, francés, español, alemán, italiano, holandés, danés, suajili, turco, polaco, húngaro',1,'2022-03-21 03:22:44','2022-03-21 03:22:44'),(87,'Funko POP Star Wars Chewbacca ',3600,0,'Figura POP Star Wars Holiday Chewie con Luces Chewbacca. Figura de vinilo Funko POP de 8cm en caja regalo con ventana.\r\n',1,'2022-03-21 03:27:15','2022-03-21 03:27:15'),(88,'Funko POP Pesadilla En Elm Street ',3900,10,'POP Pesadilla en Elm Street Freddy Krueger\r\n\r\nEspecificaciones:\r\n\r\nTamaño aprox. 9 cm.',1,'2022-03-21 03:28:40','2022-03-21 03:28:40'),(89,'Funko POP Mandy Chase ',1500,5,'Tenga en cuenta:\r\n\r\nLas variantes de Chase se envían al azar.\r\n\r\nRecibir una persecución con la compra no está garantizado.',1,'2022-03-21 03:30:50','2022-03-21 03:30:50'),(90,'Funko POP Un Padre En Apuros Howard Turbo Man',3600,15,'¡Vence el frenesí este año con tu Jingle All The Way Funko Pop! figura de vinilo de Howard como TurboMan antes de que la multitud se los lleve a todos. ¡Complete su colección Jingle All The Way hoy! La figura de vinilo mide aproximadamente 11,5 cm de alto.',1,'2022-03-21 03:32:07','2022-03-21 03:32:07'),(91,'Funko POP Monsters Inc 20Th Yeti',5200,20,'Figura vinilo Funko POP de 9cm en caja regalo con ventana.',1,'2022-03-21 03:33:06','2022-03-21 03:33:06'),(92,'Funko POP Star Wars Concept Series Stormtroop',7500,35,'Figura vinilo Funko POP de 9cm en caja regalo con ventana.',1,'2022-03-21 03:34:08','2022-03-21 03:34:08'),(93,'Funko POP Marvel Spiderman No Way Home MJ',4300,0,'Figura vinilo Funko POP de 9cm en caja regalo con ventana.',1,'2022-03-21 03:34:53','2022-03-21 03:34:53'),(94,'Funko POP Dune Chani',2600,0,'Figura vinilo Funko POP de 9cm en caja regalo con ventana',1,'2022-03-21 03:35:49','2022-03-21 03:35:49'),(95,'Funko POP Disney Wall-E Eve Flying',2390,0,'Figura vinilo Funko POP de 9cm en caja regalo con ventana.',1,'2022-03-21 03:36:34','2022-03-21 03:36:34'),(96,'Funko POP Rocky 45th Rocky Balboa',2200,0,'Figura vinilo Funko POP de 9cm en caja regalo con ventana.\r\n',1,'2022-03-21 03:37:37','2022-03-21 03:37:37'),(97,'Funko POP DC The Suicide Squad Rick Flag',1290,0,'Figura POP DC The Suicide Squad Rick Flag.\r\n\r\nFigura vinilo Funko POP de 9cm en caja regalo con ventana.',1,'2022-03-21 03:38:32','2022-03-21 03:38:32'),(98,'Funko POP DC The Suicide Squad Polka-Dot Man',2027,5,'Figura POP DC The Suicide Squad Polka Dot Man.\r\n\r\nFigura vinilo Funko POP de 9cm en caja regalo con ventana.',1,'2022-03-21 03:39:13','2022-03-21 03:39:13'),(99,'Funko POP DC The Suicide Squad Peacemaker',2094,3,'Figura POP DC The Suicide Squad Peacemaker.\r\n\r\nFigura vinilo Funko POP de 9cm en caja regalo con ventana.\r\n',1,'2022-03-21 03:39:51','2022-03-21 03:39:51'),(100,'Funko POP DC The Suicide Squad Bloodsport',2600,0,'Figura POP DC The Suicide Squad Bloodsport.\r\n\r\nFigura vinilo Funko POP de 9cm en caja regalo con ventana.\r\n',1,'2022-03-21 03:42:32','2022-03-21 03:42:32'),(101,'Funko POP Star Wars The Rise Of Skywalker ',2630,0,'Figura POP Star Wars The Rise of Skywalker Ben Solo con Blue Saber Funko Figura vinilo POP de 9cm en caja de regalo con ventana.\r\n',1,'2022-03-21 03:44:02','2022-03-21 03:44:02'),(102,'Funko POP Star Wars Concept Series R2-D2',2098,5,' Figura POP Star Wars Concept Series R2 D2 Funko Figura vinilo POP de 9cm en caja regalo con ventana.',1,'2022-03-21 03:44:43','2022-03-21 03:44:43'),(103,'Funko POP Harry Potter Patronus Snape',2093,10,' Figura POP Harry Potter Patronus Snape Funko Figura vinilo POP de 9cm en caja de regalo con ventana.',1,'2022-03-21 03:45:29','2022-03-21 03:45:29'),(104,'Funko POP DC Comics Imperial Palace Joker',2222,2,' Figura POP DC Comics Imperial Palace Joker Funko Figura de vinilo POP de 9cm en caja de regalo con ventana.',1,'2022-03-21 03:46:01','2022-03-21 03:46:01'),(105,'Funko POP Star Wars Clone Wars Bo-Katan',3341,0,'Figura POP Star Wars Clone Wars Bo Katan.\r\n\r\nFigura vinilo Funko POP de 9cm en caja regalo con ventana.\r\n',1,'2022-03-21 03:46:49','2022-03-21 03:46:49'),(106,'Funko POP Disney Princesas Mulan',2560,0,'Figura POP Princesa Disney Mulan.\r\n\r\nFigura vinilo Funko POP de 9cm en caja regalo.',1,'2022-03-21 03:49:33','2022-03-21 03:49:33'),(107,'Funko POP Disney Fantasia 80th Baby Pegasus',3400,20,'Figura POP Disney Fantasia 80th Baby Pegasus.\r\n\r\nFigura vinilo Funko POP de 9cm en caja regalo con ventana.',1,'2022-03-21 03:50:30','2022-03-21 03:50:30'),(108,'Funko POP La Novia Cadaver Bride Emily',1960,0,'Figura POP El cadáver de la novia Emily',1,'2022-03-21 03:51:05','2022-03-21 03:51:05'),(109,'Funko POP Creepshow The Creep',2300,0,' Figura vinilo Funko POP de 9cm en caja regalo con ventana.',1,'2022-03-21 03:51:39','2022-03-21 03:51:39'),(110,'Funko POP Minions Frankenbob',2100,0,' Figura POP MInions Frankenbob',1,'2022-03-21 03:52:11','2022-03-21 03:52:11'),(111,'Funko POP Back To The Future Doc 2015',1800,0,' Figura POP Regreso al futuro Doc 2015',1,'2022-03-21 03:52:46','2022-03-21 03:52:46'),(112,'Funko POP Scary Stories Harold',1500,2,' Figura de vinilo Funko POP de 9 cm en caja de regalo con ventana.',1,'2022-03-21 03:53:19','2022-03-21 03:53:19'),(113,'Funko POP Disney Frozen 2 Elsa',2200,10,'Figura POP Disney Frozen 2 Elsa',1,'2022-03-21 03:53:53','2022-03-21 03:53:53'),(114,'Funko POP Disney El Rey Leon Simba',2432,0,'Figura POP Disney El Rey León Simba.\r\n\r\nFigura vinilo Funko POP de 9cm en caja regalo con ventana.',1,'2022-03-21 03:54:49','2022-03-21 03:54:49'),(115,'Funko POP X-Men Mister Sinister ',2000,14,'Expande tu colección de funko con mister sinister del universo de marvel.\r\nfabricada en vinilo una altura de 9 centímetros y su caja original para guardarla en tu estantería a buen recaudo.\r\nprincipales características figura de vinilo altura de 9 centímetros caja original.\r\n',1,'2022-03-21 03:56:36','2022-03-21 03:56:36'),(116,'Funko POP X-Men Gambit Brillo En La Oscuridad',2800,0,'Expande tu colección de funko con gambit de los x men de marvel.\r\n\r\npara que esta figura brille con fuerza proyecte luz ultravioleta en la misma.\r\n\r\nfabricada en vinilo una altura de 9 centímetros y su caja original para guardarla en tu estantería a buen recaudo.\r\n\r\nprincipales características figura de vinilo altura de 9 centímetros caja exclusiva.',1,'2022-03-21 03:57:31','2022-03-21 03:57:31'),(117,'Funko POP Wonder Woman En Pegasus',7300,0,'¡Celebra el 80.º aniversario de Wonder Woman coleccionando sus diversos momentos y atuendos icónicos como Pop! cifras. ¡Completa tu colección Wonder Woman 80th Anniversary con Funko Ride Pop! figura de vinilo de Wonder Woman en Pegasus. La figura de vinilo mide aproximadamente 15,2 cm de alto.',1,'2022-03-21 03:58:09','2022-03-21 03:58:09'),(118,'Funko POP Wonder Woman Golden Armor 1984',3350,0,'Expande tu colección de funko con wonder woman del universo de dc.\r\nfabricada en vinilo una altura de 9 centímetros y su caja original para guardarla en tu estantería a buen recaudo.\r\nprincipales características figura de vinilo altura de 9 centímetros caja exclusiva.\r\n',1,'2022-03-21 03:58:51','2022-03-21 03:58:51'),(119,'Funko POP Wonder Woman Classic Con Capa',2900,30,'Admira a la Mujer Maravilla sirviendo apariencias mientras sirve a la justicia. ¡Agregue Pop del 80 aniversario! Wonder Woman Classic con capa para tu colección DC. La figura de vinilo mide aproximadamente 10 cm de altura.\r\n',1,'2022-03-21 03:59:34','2022-03-21 03:59:34'),(120,'Funko POP Thor Ragnarok Hulk Gladiator ',6900,20,'Expande tu colección de funko con hulk gladiador black light de la película de marvel thor:\r\nragnarok.\r\nesta referencia si se le proyecta luz ultravioleta brilla en la oscuridad.\r\nfabricada en vinilo una altura de 25 centímetros y su caja original para guardarla en tu estantería a buen recaudo.\r\nprincipales características figura de vinilo altura de 25 centímetros caja original.',1,'2022-03-21 04:00:21','2022-03-21 04:00:21'),(121,'Funko POP Los Vengadores Iron Man Assemble',8900,0,' Figura POP Deluxe Vengadores Iron Man Assemble Exclusive',1,'2022-03-21 04:05:17','2022-03-21 04:05:17'),(122,'Figura Dr Strange Spiderman No Way Home',7500,0,'Tamaño:\r\n\r\n15 cm.\r\n\r\nCLORURO DE POLIVINILO.\r\n\r\nFigura articulada.\r\n\r\nContiene accesorios.',24,'2022-03-21 04:10:16','2022-03-21 04:10:16'),(123,'Figura Boba Fett Star Wars Droids Vintage',5000,0,'Tamaño:\r\n\r\n9 cm.\r\n\r\nFigura articulada.\r\n\r\nContiene accesorios.',22,'2022-03-21 04:11:34','2022-03-21 04:11:34'),(124,'Hasbro Figura Hulk Master 2021 Legends Series',6500,0,'Tamaño: 15cm. Figura articulada. Contiene accesorios.',24,'2022-03-21 04:18:31','2022-03-21 04:18:31'),(125,'Hasbro Figura Capitán América Marvel Legends',5590,0,'Figura Marvel Legends Capitán América 15cm Hasbro Marvel Legends Series. Tamaño: 15cm. Figura articulada. Contiene accesorios.',24,'2022-03-21 04:19:29','2022-03-21 04:19:29'),(126,'Hasbro Figura Ant Man Marvel Legends',2370,0,'Figura Marvel Legends Ant Man 9cm Medidas: 9,5cm. CLORURO DE POLIVINILO. Figura articulada.',24,'2022-03-21 04:20:43','2022-03-21 04:20:43'),(127,'Shing-Chi Y La Leyenda De Los Diez Anillos',3520,0,'Marvel Shang Chi y la Leyenda de los Diez Anillos Figura Shang Chi 15cm. Figura articulada. Incluye figura, 5 accesorios y pieza para construir una figura.',24,'2022-03-21 04:22:00','2022-03-21 04:22:00'),(128,'Shing-Chi  Death Dealer',4350,0,'Figura 15cm del comerciante de la muerte de Marvel Shang Chi y la leyenda de los diez anillos Incluye figura, 2 accesorios y una pieza para construir una figura. Tamaño: 15cm. Figura articulada.',24,'2022-03-21 04:23:35','2022-03-21 04:23:35'),(129,'The Mandalorian Huck Black Series Star Wars',5800,15,'Tamaño:\r\n\r\n15 cm.\r\n\r\nFigura articulada.\r\n\r\nContiene accesorios.',22,'2022-03-21 04:24:56','2022-03-21 04:24:56'),(130,'La Cosa 4 Fantasticos Marvel Vintage',6900,0,'Tamaño:\r\n\r\n15 cm.\r\n\r\nFigura articulada.',24,'2022-03-21 04:25:36','2022-03-21 04:25:36'),(131,'Figura Aayla Secula Star Wars Vintage',3100,5,'Hasbro Figura Aayla Secula Star Wars Vintage 10 cm tiene unas dimensiones de (en su caja original). En nuestra tienda online de informática y electrónica techinn contamos con los mejores productos para que disfrutes de tus actividades sin complicaciones y con la mejor equipación en informática y electrónica',22,'2022-03-21 04:28:08','2022-03-21 04:28:08'),(132,'Figura Arc Trooper Star Wars Vintage',4865,0,'Si estas interesado en Hasbro Figura Arc Trooper Star Wars Vintage 10 cm, descubre también otros productos relacionados de Hasbro dentro de la categoría Fan zone y Películas.',22,'2022-03-21 04:29:06','2022-03-21 04:29:06'),(133,'Hasbro Figura Marvel Vision',2327,0,'Tamaño: 9,5cm.\r\n\r\nCLORURO DE POLIVINILO.\r\n\r\nFigura articulada.',24,'2022-03-21 04:30:23','2022-03-21 04:30:23'),(134,'Marvel Legends Guantelete Del Infinito Thanos',6758,7,'Figura Thanos de Marvel Legends The Infinity Gauntlet 15cm.\r\n\r\nTamaño: 15cm.\r\n\r\nFigura articulada.\r\n\r\nCLORURO DE POLIVINILO.\r\n\r\nContiene accesorios.',24,'2022-03-21 04:31:29','2022-03-21 04:31:29'),(135,'Spiderman Into the Spider-Verse Peter B. Park',3952,0,'Marvel Spiderman en el verso de la araña Peter B.\r\n\r\nFigura Parker 15cm.\r\n\r\nTamaño: 15cm.\r\n\r\nContiene accesorios.\r\n\r\nFigura articulada.',24,'2022-03-21 04:32:21','2022-03-21 04:32:21'),(136,'Zombie Capitán América What If Marvel',5800,6,'Tamaño:\r\n\r\n15 cm.\r\n\r\nCLORURO DE POLIVINILO.\r\n\r\nFigura articulada.\r\n\r\nIncluye escudo del Capitán América.',24,'2022-03-21 04:33:22','2022-03-21 04:33:22'),(137,'¿Qué Pasaría Si...? Captain Carter',4960,0,'Tamaño: 15cm. CLORURO DE POLIVINILO. Figura articulada. Incluye accesorios.',24,'2022-03-21 04:34:13','2022-03-21 04:34:13'),(138,'Loki Marvel´s Morbius ',4051,0,'Cifra 2021. Tamaño: 15cm. Figura articulada. Contiene accesorios.',24,'2022-03-21 04:35:08','2022-03-21 04:35:08'),(139,'Doctor Strange Supreme What If Marvel',6480,0,'Tamaño:\r\n\r\n15 cm.\r\n\r\nCLORURO DE POLIVINILO.\r\n\r\nFigura articulada.\r\n\r\nIncluye accesorios.',24,'2022-03-21 04:35:59','2022-03-21 04:35:59'),(140,'¿Qué Pasaría Si...? Sylvie Loki Marvel',5200,15,'Tamaño:\r\n\r\n15cm.\r\n\r\nCLORURO DE POLIVINILO.\r\n\r\nFigura articulada.\r\n\r\nIncluye accesorios.',24,'2022-03-21 04:37:02','2022-03-21 04:37:02'),(141,'Qué Pasaría Si...? Heist Nebula',3520,0,'Figura Marvel What If Heist Nebuls 15cm Tamaño: 15cm. CLORURO DE POLIVINILO. Figura articulada. Incluye accesorios.',24,'2022-03-21 04:38:13','2022-03-21 04:38:13'),(142,'Falcon Y El Soldado De Invierno',3980,10,'Figura Marvel Falcon and the Winter Soldier Agente estadounidense 15cm. Tamaño: 15cm. Figura articulada. Contiene accesorios.',24,'2022-03-21 04:39:29','2022-03-21 04:39:29'),(143,'Figura Falcon Y El Soldado De Invierno Halcón',3507,20,'Figura titán Marvel Falcon and the Winter Soldier Capitán América 30cm. Incluye figura y accesorios. Tamaño: 30cm. La figura incluye el escudo distintivo del Capitán América, así como dos alas que se adhieren a la espalda.',24,'2022-03-21 04:40:17','2022-03-21 04:40:17'),(144,'Figura Jurassic Park Tyrannocon Rex',24300,0,'La figura de Tyrannocon Rex se convierte en un Tyrannosaurus en 27 pasos y la figura de Autobot JP93 se convierte en un Ford Explorer oficial en 18 pasos.\r\n\r\nAmbas figuras cuentan con diseño y detalles inspirados en la película Jurassic Park.',22,'2022-03-21 04:41:17','2022-03-21 04:41:17'),(145,'Scarlett 20 G.I. Joe Classified Series',5190,0,'Tamaño:\r\n\r\n15 cm.\r\n\r\nFigura articulada.\r\n\r\nContiene accesorio.',22,'2022-03-21 04:42:52','2022-03-21 04:42:52'),(146,'Modok World Domination',17500,0,'Tamaño: 20 cm. Figura articulada. Contiene accesorios.',24,'2022-03-21 04:43:53','2022-03-21 04:43:53'),(147,'Imperial Rocket Trooper Star Wars',7300,10,'Grandes juegos de la serie Black.\r\n\r\nTamaño:\r\n\r\n15 cm.\r\n\r\nFigura articulada.',22,'2022-03-21 13:45:50','2022-03-21 13:45:50'),(148,'Wfc-K30 Autobot Ark Transformers',31400,0,'Tamaño:\r\n\r\n48 cm.\r\n\r\nAutobot Ark convierte entre la nave Ark y el modo robot en 26 pasos.\r\n\r\nEl modo Barco cuenta con tren de aterrizaje y una rampa que desciende.\r\n\r\nLa pieza del cofre de la figura se puede quitar y convertir en la computadora Autobot, Teletraan 1, con pantallas de visualización detalladas.\r\n\r\nLuego se convierte a un modo de robot Deluxe Autobot Mainframe en 21 pasos.',22,'2022-03-21 13:47:15','2022-03-21 13:47:15'),(149,'Anton Merrick + Vin X-Wing Rogue Star Wars',29930,0,'Con un diseño inspirado en Star Wars Story y detalles de primera calidad, este juego de figura y vehículo a escala de 9,5 cm de la colección Vintage Star Wars es un regalo perfecto para los fanáticos y coleccionistas de Star Wars.',22,'2022-03-21 13:49:12','2022-03-21 13:49:12'),(150,'Figura J.J. Jameson Spiderman Marvel',5600,12,'Tamaño:\r\n\r\n15 cm.\r\n\r\nCLORURO DE POLIVINILO.\r\n\r\nFigura articulada.\r\n\r\nContiene accesorios.',20,'2022-03-21 13:50:16','2022-03-21 13:50:16'),(151,'War Machine Gear Casco Electrónico',19700,0,'Casco electrónico Marvel Legends War Machine Gear.\r\n\r\nEscala 1: 1.\r\n\r\nAjustable.\r\n\r\nCon luz y sonido.\r\n\r\nBaterías no incluidas.',4,'2022-03-21 13:53:19','2022-03-21 13:53:19'),(152,'Casco Electronico Darth Vader Star Wars',25500,0,'Casco electrónico premium de Star Wars Darth Vader',2,'2022-03-21 13:54:31','2022-03-21 13:54:31'),(153,'Casco Eléctrico Star Wars Stormtroopers',18000,0,'Réplica de casco electrónico de Star Wars Stormtrooper Star Wars The Black Series Stormtrooper de primer orden. Con solo presionar un botón, puede distorsionar su voz para que suene como un Stormtrooper. Se requieren baterías (3x Aa, no incluidas).',2,'2022-03-21 13:55:03','2022-03-21 13:55:03'),(154,'Casco Eléctronico Star Wars Wedge',17000,5,'Casco electrónico Star Wars Wedge Antilles. Star Wars La Serie Negra. Con decoración muy detallada, diseño inspirado en películas, acolchado interior, luces electrónicas y efectos de sonido. 3 parlantes internos crean una experiencia de simulación de batalla de sonido envolvente inmersivo.',2,'2022-03-21 13:55:57','2022-03-21 13:55:57'),(155,'G.I Joe Snake Eyes 16 G.I. Joe Classified',5000,0,'Tamaño:\r\n\r\n15 cm.\r\n\r\nFigura articulada.\r\n\r\nContiene accesorios.\r\n',22,'2022-03-21 13:57:27','2022-03-21 13:57:27'),(156,'Iron Man Iron Man Mark II  The Infinity',5800,0,'Marvel Legends The Infinity Saga Iron Man Iron Man Mark II figura 15cm Hasbro Marvel Legends Series. Tamaño: 15cm. Figura articulada. Contiene accesorios.',22,'2022-03-21 13:58:23','2022-03-21 13:58:23'),(157,'Kingdom Transformers Warpath',4100,0,'Tamaño aproximado: 14cm. Se convierte en tanque en 26 pasos.',22,'2022-03-21 13:59:11','2022-03-21 13:59:11'),(158,'Shang-Chi Y La Leyenda De Los Diez Anillos',6900,0,'Expande tu colección de funko con el gran protector de la película de shang chi y la leyenda de los 10 anillos del universo marvel.\r\n\r\nfabricada en vinilo una altura de 15 centímetros y su caja original para guardarla en tu estantería a buen recaudo.\r\n\r\nprincipales características figura de vinilo altura de 15 centímetros caja original.',1,'2022-03-21 14:00:10','2022-03-21 14:00:10'),(159,'Dragon Ball Super Bardock Colosseum',9700,0,'Tamaño: 17cm.\r\n\r\nEdad: +15 años.\r\n\r\nCLORURO DE POLIVINILO.',23,'2022-03-21 14:15:58','2022-03-21 14:15:58'),(160,'Dragon Ball Super Tenkaichi Budokai',8600,0,'Juego de Dragon Ball Super Tenkaichi Budokai.\r\n\r\nTamaño: 31x51x9cm.\r\n\r\nIdeal para figuras de 17cm.\r\n\r\nEmbalaje premium.\r\n\r\nEl campo de combate está destruido.\r\n\r\nTiene 3 zonas que se pueden derribar.\r\n\r\nEdad: +4 años.',3,'2022-03-21 14:16:58','2022-03-21 14:16:58'),(161,'he Son Cohan Dragon Ball Z',5400,0,'Figura Dragon Ball Z The Son Gohan 12cm',23,'2022-03-21 14:17:42','2022-03-21 14:17:42'),(162,'Ichibansho Super Saiyan3 Gotenks',5800,12,'Dragon Ball Z Rising Fighters Super Saiyan3 Gotenks Ichibansho figura 11cm',23,'2022-03-21 14:18:22','2022-03-21 14:18:22'),(163,'Tanjiro Kamado Stars Kimetsu No Yaiba',5200,0,'Kimetsu no Yaiba Vibration Stars Tanjiro Kamado figura 15cm',28,'2022-03-21 14:19:09','2022-03-21 14:19:09'),(164,'Goku Super Saiyan Dragon Ball Z',5100,0,'Figura Dragon Ball Z Goku Super Saiyan Colosseum 2',23,'2022-03-21 14:19:52','2022-03-21 14:19:52'),(165,'Super Saiyan Trunks Future Galick',4430,0,'Dragon Ball Super Super Saiyan Trunks Future Galick Gun figura 17cm',23,'2022-03-21 14:20:24','2022-03-21 14:20:24'),(166,'Figura Collab Son Cohan Dragon Ball',5100,0,'Figura Dragon Ball Legends Collab Son Cohan 20cm',23,'2022-03-21 14:20:58','2022-03-21 14:20:58'),(167,'Naruto Shinobi Relations',9000,0,'Tamaño:\r\n\r\n16 cm.\r\n\r\nEnvejecer:\r\n\r\n+15 años.\r\n\r\nCLORURO DE POLIVINILO.',23,'2022-03-21 15:11:15','2022-03-21 15:11:15'),(168,'Super Saiyan Broly Z ',8500,0,'Dragon Ball Super Super Saiyan Broly Z Battle figura 19cm',23,'2022-03-21 15:11:48','2022-03-21 15:11:48'),(169,'Ichibansho Super Saiyan God Vegeta',8300,15,'Figura Dragon Ball Super Saiyan God Vegeta Back To The Film Ichibansho 24cm.\r\n\r\nTamaño: 24 cm.\r\n\r\nEdad:+15 años.\r\n\r\nCLORURO DE POLIVINILO.',23,'2022-03-21 15:12:38','2022-03-21 15:12:38'),(170,'Naruto Sasuke Shinobi Relations',6050,0,'Figura Boruto Naruto Next Generations Shinobi Relations Sasuke 16cm.\r\n\r\nTamaño: 16 cm.\r\n\r\nEdad:+15 años.\r\n\r\nCLORURO DE POLIVINILO.',27,'2022-03-21 15:13:10','2022-03-21 15:13:10'),(171,'Dragon Ball Ichibansho Super Saiyan God Super',10000,0,'Tamaño:\r\n\r\n21 cm.\r\n\r\nEnvejecer:\r\n\r\n+15 años.\r\n\r\nCLORURO DE POLIVINILO.\r\n',23,'2022-03-21 15:14:01','2022-03-21 15:14:01'),(172,'Giyu Tomioka Kimetsu No Yaiba',5500,0,'Kimetsu no Yaiba vol.\r\n\r\n5 Figura Giyu Tomioka 16cm',28,'2022-03-21 15:14:39','2022-03-21 15:14:39'),(173,'Shenron Creator X Creator Dragon Bal Z',6500,0,'Dragon Ball Z Creator x Creator Shenron figura 15cm',3,'2022-03-21 15:15:16','2022-03-21 15:15:16'),(174,'Posket Disney Pixar Toy Story Jessie',2600,0,'Q posket Disney Pixar Toy Story Jessie A figura 14cm',22,'2022-03-21 15:16:01','2022-03-21 15:16:01'),(175,'Dragon Ball Z GXmateria Goku',9000,0,'Tamaño:\r\n\r\n15 cm x 30cm.',23,'2022-03-21 15:17:06','2022-03-21 15:17:06'),(176,'Dragon Ball Z Burning Fighters Super Saiyan',6300,3,'Tamaño:\r\n\r\n16 cm.\r\n\r\nAños:\r\n\r\n+15 años.\r\n\r\nCLORURO DE POLIVINILO.',23,'2022-03-21 15:17:58','2022-03-21 15:17:58'),(177,'Dragon Ball Super Super Saiyan Son Goku',4390,0,'¡añade la figura de la colección banpresto son goku fes!! de son goku super saiyan a tu colección de figuras de dragon ball super! banpresto presenta para la línea de figuras son goku fes!! esta figura de son goku super saiyan basada en el popular manga y anime «dragon ball super».',23,'2022-03-21 15:18:38','2022-03-21 15:18:38'),(178,'Dragon Ball Super , Super Saiyan God ',5198,0,'Tamaño:\r\n\r\n13 cm.\r\n\r\nAños:\r\n\r\n+15 años.\r\n\r\nCLORURO DE POLIVINILO.',23,'2022-03-21 15:19:44','2022-03-21 15:19:44'),(179,'Dragon Ball Super Bardock',5900,0,'Tamaño:\r\n\r\n14 cm.\r\n\r\nAños:\r\n\r\n+15 años.\r\n\r\nCLORURO DE POLIVINILO.',23,'2022-03-21 15:20:26','2022-03-21 15:20:26'),(180,' Ichibansho Super Saiyan Gogeta',6800,20,'Dragon Ball Z Rising Fighters Super Saiyan Gogeta Ichibansho figura 18cm',23,'2022-03-21 15:21:10','2022-03-21 15:21:10'),(181,'dragon Ball Z Solid Edge Trunks',4939,5,'Tamaño:\r\n\r\n23 cm.\r\n\r\nAños:\r\n\r\n+15 años.\r\n\r\nCLORURO DE POLIVINILO.',23,'2022-03-21 15:21:58','2022-03-21 15:21:58'),(182,'Dragon Ball Z Master Stars Piece The Trunks',19000,0,'Tamaño:\r\n\r\n24 cm.\r\n\r\nAños:\r\n\r\n+15 años.\r\n\r\nCLORURO DE POLIVINILO.',23,'2022-03-21 15:22:44','2022-03-21 15:22:44'),(183,'Dragon Ball Z Master Stars Piece Son Gohan',7800,0,'Tamaño:\r\n\r\n20 centímetros.\r\n\r\nAños:\r\n\r\n+15 años.\r\n\r\nCLORURO DE POLIVINILO.',23,'2022-03-21 15:23:29','2022-03-21 15:23:29'),(184,'Dragon Ball Super Saiyan Goku',7170,0,'Tamaño:\r\n\r\n20 centímetros.\r\n\r\nAños:\r\n\r\n+15 años.\r\n\r\nCLORURO DE POLIVINILO.\r\n',23,'2022-03-21 15:24:17','2022-03-21 15:24:17'),(185,'Dragon Ball Super Fes!! Super Saiyan 4 ',4750,15,'Tamaño:\r\n\r\n16 cm.\r\n\r\nAños:\r\n\r\n+15 años.\r\n\r\nCLORURO DE POLIVINILO.',23,'2022-03-21 15:25:07','2022-03-21 15:25:07'),(186,'Dragon Ball Super Fes!! Super Saiyan Gogeta',6500,9,'Tamaño:\r\n\r\n20 centímetros.\r\n\r\nAños:\r\n\r\n+15 años.\r\n\r\nCLORURO DE POLIVINILO.\r\n',23,'2022-03-21 15:25:54','2022-03-21 15:25:54'),(187,'Dragon Ball Super Chosenshiretsuden Trunks',6050,0,'amaño:\r\n\r\n16 cm.\r\n\r\nAños:\r\n\r\n+15 años.\r\n\r\nCLORURO DE POLIVINILO.',23,'2022-03-21 15:26:40','2022-03-21 15:26:40'),(188,'Dragon Ball Son Goku',8300,0,'Tamaño:\r\n\r\n25 cm.\r\n\r\nAños:\r\n\r\n+15 años.\r\n\r\nCLORURO DE POLIVINILO.',23,'2022-03-21 15:27:21','2022-03-21 15:27:21'),(189,'Dragon Ball Son Goku Match Makers',5500,0,'Banpresto es la marca de figuras colecciónables más famosa del mundo.\r\n\r\nsus referencias son vendidas en cualquier parte del mundo y presentan una calidad y diseño únicos.\r\n\r\nesta vez banpresto nos trae a son goku de dragon ball.\r\n\r\nmide 12 centímetros aproximadamente.',23,'2022-03-21 15:27:55','2022-03-21 15:27:55'),(190,'Dragon Ball Piccolo Match',9850,0,'Banpresto es la marca de figuras colecciónables más famosa del mundo.\r\n\r\nsus referencias son vendidas en cualquier parte del mundo y presentan una calidad y diseño únicos.\r\n\r\nesta vez banpresto nos trae a majunior piccolo de dragon ball.\r\n\r\nmide 17 centímetros.\r\n',23,'2022-03-21 15:28:25','2022-03-21 15:28:25'),(191,'Dragon Ball Goku VS Freezer',11200,0,'Tamaño de Gokú:\r\n\r\n20 centímetros.\r\n\r\nTamaño de Freezer:\r\n\r\n16 cm.\r\n\r\nAños:\r\n\r\n+15 años.\r\n\r\nCLORURO DE POLIVINILO.',23,'2022-03-21 15:29:16','2022-03-21 15:29:16'),(192,'Dragon Ball Grandista Nero Goku',9800,35,'Tamaño:\r\n\r\n28 cm.\r\n\r\nAños:\r\n\r\n+15 años.\r\n\r\nCLORURO DE POLIVINILO.',23,'2022-03-21 15:30:04','2022-03-21 15:30:04'),(193,'Dragon Ball Grandista Nero Vegeta',13600,0,'Tamaño:\r\n\r\n26 cm.\r\n\r\nAños:\r\n\r\n+15 años.\r\n\r\nCLORURO DE POLIVINILO.\r\n\r\n',23,'2022-03-21 15:30:45','2022-03-21 15:30:45'),(194,'Boruto Vibrations Stars Naruto Uzumaki',6300,7,'Tamaño:\r\n\r\n13 cm.\r\n\r\nAños:\r\n\r\n+15 años.\r\n\r\nCLORURO DE POLIVINILO.\r\n\r\nUzumaki Naruto y Uzumaki Boruto.',27,'2022-03-21 15:31:29','2022-03-21 15:31:29'),(195,'Trunks Resolution Of Soldiers',5900,40,'Tamaño:\r\n\r\n17 cm.\r\n\r\nEnvejecer:\r\n\r\n+15 años.\r\n\r\nCLORURO DE POLIVINILO.',23,'2022-03-21 15:32:09','2022-03-21 15:32:09'),(196,'Super Master Stars Dragon Ball Z ',11400,5,'Tamaño:\r\n\r\n18 cm.\r\n\r\nEnvejecer:\r\n\r\n+15 años.\r\n\r\nCLORURO DE POLIVINILO.',23,'2022-03-21 15:32:40','2022-03-21 15:32:40'),(197,'Ichibansho Super Saiyan Broly',9800,0,'Dragon Ball Super Saiyan Broly 94 Regreso a la película Figura Ichibansho 26cm.\r\n\r\nTamaño: 26 cm.\r\n\r\nEdad:+15 años.\r\n\r\nCLORURO DE POLIVINILO.',23,'2022-03-21 15:34:14','2022-03-21 15:34:14'),(198,'Golden Frieza',7900,0,'Dragon Ball Golden Freezer Regreso a la película Figura Ichibansho 20cm.\r\n\r\nTamaño: 20 cm.\r\n\r\nEdad:+15 años.\r\n\r\nCLORURO DE POLIVINILO.',23,'2022-03-21 15:34:59','2022-03-21 15:34:59'),(199,'Dragon Ball Super World Colosseum',12100,0,'Dragon Ball Super Banpresto World Colosseum 3 Super Master Stars The Gogeta The Original figure 24cm.\r\n\r\nTamaño: 24 cm.\r\n\r\nEdad:+15 años.\r\n\r\nCLORURO DE POLIVINILO.',23,'2022-03-21 15:35:33','2022-03-21 15:35:33'),(200,'Dragon Ball Z Son Goku History',5700,2,'Dragon Ball Z History Box vol.2 Figura Son Goku 13cm.\r\n\r\nTamaño: 13 cm.\r\n\r\nEdad:+15 años.\r\n\r\nCLORURO DE POLIVINILO.',23,'2022-03-21 15:36:21','2022-03-21 15:36:21'),(201,' Naruto Sasuke Uchiha',12800,0,'Tamaño:\r\n\r\n27 cm.\r\n\r\nAños:\r\n\r\n+15 años.\r\n\r\nCLORURO DE POLIVINILO.',27,'2022-03-21 15:37:00','2022-03-21 15:37:00'),(202,'Kimetsu No Yaiba Tanjiro Kamado',6800,0,'Tamaño:\r\n\r\n15 cm.\r\n\r\nAños:\r\n\r\n+15 años.\r\n\r\nCLORURO DE POLIVINILO.\r\n',28,'2022-03-21 15:37:38','2022-03-21 15:37:38'),(203,'Kimetsu No Yaiba Gyomei Himejima',4930,0,'Tamaño:\r\n\r\n20 centímetros.\r\n\r\nAños:\r\n\r\n+15 años.\r\n\r\nCLORURO DE POLIVINILO.',28,'2022-03-21 15:38:13','2022-03-21 15:38:13'),(204,'Kimetsu No Yaiba Nezuko Kamado',5800,10,'Tamaño:\r\n\r\n12cm\r\n\r\nAños:\r\n\r\n+15 años.\r\n\r\nCLORURO DE POLIVINILO.',28,'2022-03-21 15:38:43','2022-03-21 15:38:43'),(205,'Kimetsu No Yaiba Rui',4600,0,'Tamaño:\r\n\r\n14 cm.\r\n\r\nAños:\r\n\r\n+15 años.\r\n\r\nCLORURO DE POLIVINILO.',28,'2022-03-21 15:39:48','2022-03-21 15:39:48'),(206,'Kimetsu No Yaiba Enmu',6350,0,'Tamaño:\r\n\r\n17 cm.\r\n\r\nAños:\r\n\r\n+15 años.\r\n\r\nCLORURO DE POLIVINILO.',28,'2022-03-21 15:40:29','2022-03-21 15:40:29'),(207,'Figura Kimetsu No Yaiba Akaza',6350,0,'Tamaño:\r\n\r\n17 cm.\r\n\r\nAños:\r\n\r\n+15 años.\r\n\r\nCLORURO DE POLIVINILO.',28,'2022-03-21 15:41:07','2022-03-21 15:41:07'),(208,'My Hero Academia Katsuki Bakugo',11300,0,'Coliseo Mundial de Figuras de Banpresto.\r\n\r\nTamaño:\r\n\r\n24 cm.\r\n\r\nAños:\r\n\r\n+15 años.\r\n\r\nCLORURO DE POLIVINILO.\r\n',29,'2022-03-21 15:41:36','2022-03-21 15:41:36'),(209,'Figura Kimetsu No Yaiba Sabito',6700,15,'Tamaño:\r\n\r\n16 cm.\r\n\r\nAños:\r\n\r\n+15 años.\r\n\r\nCLORURO DE POLIVINILO.',28,'2022-03-21 15:42:24','2022-03-21 15:42:24'),(210,'Kimetsu No Yaiba Vibration Stars Akaza',6350,2,'Tamaño:\r\n\r\n15 cm.\r\n\r\nAños:\r\n\r\n+15 años.\r\n\r\nCLORURO DE POLIVINILO.',28,'2022-03-21 15:42:58','2022-03-21 15:42:58'),(211,'Figura My Hero Academia Izuku Midoriya ',7500,0,'Tamaño:\r\n\r\n11 cm.\r\n\r\nAños:\r\n\r\n+15 años.\r\n\r\nCLORURO DE POLIVINILO.',29,'2022-03-21 15:43:41','2022-03-21 15:43:41'),(212,'Boruto Vibrations Stars Naruto Uzumaki',6900,0,'Banpresto es la marca de figuras colecciónables más famosa del mundo.\r\n\r\nsus referencias son vendidas en cualquier parte del mundo y presentan una calidad y diseño únicos.\r\n\r\nesta vez banpresto nos trae a naruto de boruto next generatión.\r\n\r\nmide 13 centímetros aproximadamente.\r\n',27,'2022-03-21 15:44:12','2022-03-21 15:44:12'),(213,'Spiderman Movie Titan Character',2800,0,'Descripción Hasbro Figura Spiderman Movie Titan Character 1 Marvel\r\n\r\n¡Spider Man se prepara con su traje de integración Iron Spider para luchar contra el mal y derrotar a los villanos en todas partes! ¡Sumérgete en la emoción con Spider Man! Con esta línea de juguetes inspirada en la película de Spider Man.',24,'2022-03-21 15:44:56','2022-03-21 15:44:56'),(214,'Figura Basica Cazafantasmas Ghostbusters',1800,0,'Figuras básicas de Cazafantasmas, inspiradas en la película.\r\n\r\nIncluye un fantasma.\r\n\r\nHay varias para coleccionar.',22,'2022-03-21 15:45:25','2022-03-21 15:45:25'),(215,'Q Posket Harry Potter Harry Quidditch',4800,0,'Harry Potter Harry Quidditch Q Posket A figura 14cm',22,'2022-03-21 15:45:51','2022-03-21 15:45:51'),(216,'Q Posket DC Comics Supergirl',2600,0,'Figura Q Posket DC Comics Supergirl A 14cm.\r\n\r\nTamaño: 14cm Edad recomendada: +15 años.\r\n\r\nCLORURO DE POLIVINILO.',25,'2022-03-21 15:46:23','2022-03-21 15:46:23'),(217,'Stranger Things Q Posket',4900,10,'Tamaño:\r\n\r\n13 cm.\r\n\r\nAños:\r\n\r\n+15 años.\r\n\r\nCLORURO DE POLIVINILO.',22,'2022-03-21 15:47:12','2022-03-21 15:47:12'),(218,'Eleven Stranger Things',4300,3,'Tamaño:\r\n\r\n13 cm.\r\n\r\nEnvejecer:\r\n\r\n+15 años.\r\n',22,'2022-03-21 15:47:55','2022-03-21 15:47:55'),(219,'Hooper Stranger Things ',5100,4,'Figura posket Hooper Q de Stranger Things 15cm.\r\n\r\nTamaño: 15 cm.\r\n\r\nEdad:+15 años.\r\n\r\nCLORURO DE POLIVINILO.',22,'2022-03-21 15:48:38','2022-03-21 15:48:38'),(220,'Figura Demogorgon Stranger Things',5200,0,'Tamaño:\r\n\r\n18 cm.\r\n\r\nEnvejecer:\r\n\r\n+15 años.\r\n\r\nCLORURO DE POLIVINILO.\r\n',22,'2022-03-21 15:49:31','2022-03-21 15:49:31'),(221,'Figura Q Posket DC Comics Mujer Maravilla 198',5000,5,'Figura DC Comics Wonder Woman 1984 Q Posket A 14cm',25,'2022-03-21 15:50:03','2022-03-21 15:50:03'),(222,'Figura Catwoman Q Posket DC Comics',4260,0,'Figura Q Posket DC Comics Catwoman B 14cm.\r\n\r\nMedidas: 14cm Edad recomendada: +15 años.\r\n\r\nCLORURO DE POLIVINILO',25,'2022-03-21 15:50:31','2022-03-21 15:50:31'),(223,'Figura Q Posket DC Comics Supergirl',4500,0,'Figura Q Posket DC Comics Supergirl B 14cm.\r\n\r\nMedidas: 14cm Edad recomendada: +15 años.\r\n\r\nCLORURO DE POLIVINILO\r\n',25,'2022-03-21 15:50:54','2022-03-21 15:50:54'),(224,'Q Posket DC Comics Aves De Presa',4638,0,'Figura DC Comics Birds of Prey Huntress Q Posket B 14cm.\r\n\r\nHarley Quinn.\r\n\r\nTamaño: 14cm.\r\n\r\nCLORURO DE POLIVINILO.',25,'2022-03-21 15:51:23','2022-03-21 15:51:23'),(225,'Iron Man Nano Guantelete Electrónico',17500,0,'Marvel Legends Series Iron Man Nano Gauntlet Puño electrónico articulado.\r\n\r\nGuantelete articulado.\r\n\r\nCon una altura de 45,8 cm, este guantelete electrónico cuenta con articulación flexible de los dedos, luces y sonidos, incluido un chasquido inspirado en una película y 6 Gemas del Infinito extraíbles e iluminadas.',4,'2022-03-21 15:52:09','2022-03-21 15:52:09'),(226,'Mr Fantastic Fantastic 4 Marvel Vintage',5190,0,'Tamaño:\r\n\r\n15 cm.\r\n\r\nFigura articulada.',24,'2022-03-21 15:52:51','2022-03-21 15:52:51'),(227,'Hasbro Coche Réplica Cazafantasmas Ecto-1',6850,0,'Coche réplica Ecto 1 de los Cazafantasmas. Incluye vehículo, lanzador, proyectil y accesorio. Inspirado en el icónico vehículo, este Ecto 1 es compatible con todas las figuras de 12,5 cm con características de miedo. Con ruedas que se mueven, puertas que se abren y un asiento que se balancea. Viene con un lanzador, proyectil y trampa móvil. \r\n',2,'2022-03-21 15:53:32','2022-03-21 15:53:32'),(228,'Marvel Los Vengadores Edgame Stormbreaker',26900,0,'Réplica de Marvel Avengers Edgame Stormbreaker.\r\n\r\nEscala 1/1.\r\n\r\nFunciones de luz y sonido electrónicas.\r\n\r\nRequiere 3 pilas AA de 1,5 V no incluidas.',4,'2022-03-21 15:54:21','2022-03-21 15:54:21'),(229,'Wonder Woman Princess of Themyscira',17500,0,'Inspirada en los lazos del personaje con la mitología griega, Wonder Woman: Princess of Themyscira Statue la reinventa como una escultura griega clásica. Rindiendo homenaje a la famosa Venus de Milo, la estatua de poliresina de color mármol mide 14 pulgadas desde la base del pedestal.',25,'2022-03-21 16:01:20','2022-03-21 16:01:20'),(232,'Eevee',4500,0,'From Pokepla BIG, a large-scaled model kit collection that jam-packs the charm of Pokémon, comes Eevee!!',3,'2022-03-21 17:37:02','2022-03-21 17:37:02'),(233,'Sepia Pikachu Mini Backpack',1600,2,'ntroducing the Sepia Pikachu Mini Backpack from Loungefly. This faux leather mini backpack features faux suede trim and faux leather tassel puller detail as well as adjustable straps.\r\n\r\nAny pokemon trainer will want to catch \'em all with this officially licensed mini backpack!',3,'2022-03-21 17:38:02','2022-03-21 17:38:02'),(234,'Piplup Cosplay Mini Backpack',8600,0,'Introducing the Piplup Cosplay Mini Backpack from Loungefly. This faux suede mini backpack features applique details and adjustable straps with an enamel zipper charm.\r\n\r\nPokemon fans, get ready to catch \'em all with this officially licensed faux suede mini backpack!',3,'2022-03-21 17:38:59','2022-03-21 17:38:59'),(235,'Pokémon Grilled Cheese Maker',5190,4,'Grilled Cheese just got special. This Pokemon sandwich press puts a silhouette of Pikachu or a Pokeball on both sides of your pressed grilled cheese sandwich. Also, use it to make square waffles french toast brownies, and even omelettes.',3,'2022-03-21 17:39:49','2022-03-21 17:39:49'),(236,'Metallic Bulbasaur Mini Backpack',9200,0,'Introducing the Metallic Bulbasaur Mini Backpack from Loungefly. This faux leather mini backpack features applique, embroidered, and printed detail as well as adjustable straps.\r\n\r\nBe sure to add this Metallic Bulbasaur Mini Backpack to your wardrobe today!',3,'2022-03-21 17:40:25','2022-03-21 17:40:25'),(237,'My Neighbor Totoro Sakura (Cherry Blossom)',2100,0,'Studio Ghibli and traditional Japanese dishes from Skater come together in this special release dish series featuring My Neighbor Totoro with a Sakura (Cherry Blossom) design.  Teacup measures approx. 8cm in diameter and 6cm tall.  Featuring a White Totoro and Soot Sprite, this small teacup is a great companion piece for a teapot. ',13,'2022-03-21 17:43:08','2022-03-21 17:43:08'),(238,'Demon Slayer (Vol 1.)',5900,0,'Sideshow and MegaHouse are excited to present the Demon Slayer (Vol 1.) Collectible Set!\r\n\r\nThe anime \"Demon Slayer\" has finally arrived to the Petitrama Series. This set contains the main characters, Tanjiro and Nezuko, recreating some iconic scenes from the hit anime. The scale is perfect for your desk or shelf so don\'t miss your chance to add them to your collection! ',28,'2022-03-21 17:44:24','2022-03-21 17:44:24'),(239,'Calcifer Kitchen Tool Frying Pan',2800,0,'Frying pan featuring the face of Calcifer from Howl\'s Moving Castle.  Use this 5.5\" Calcifer Frying Pan to make a Calcifer imprinted pancake (also good for cooking bacon).  Made in Japan.',3,'2022-03-21 17:47:05','2022-03-21 17:47:05'),(240,'Found You! Small White Totoro',6900,0,'If you\'ve ever wanted to meet Small White Totoro now is your chance with this resin statue!  Standing 8.25\" tall, this resin statue is highly detailed scampering across the ground.  Complete the scene of Small White Totoro running away with Medium Blue Totoro Statue.',3,'2022-03-21 17:48:18','2022-03-21 17:48:18'),(241,'Found You! Medium Blue Totoro',11000,0,'If you\'ve ever wanted to meet Medium Blue Totoro now is your chance with this resin statue!  Standing nearly 14.5\" tall, this resin statue is highly detailed carrying its acorn sack.  Complete the scene of Medium Blue Totoro running away with Small White Totoro Statue.',3,'2022-03-21 17:49:15','2022-03-21 17:49:15'),(242,'The Child Waffle Maker',5000,0,'Sideshow and Uncanny Brands present The Child Waffle Maker from Star Wars The Mandalorian.\r\n\r\nAll fans of the force will love The Child Waffle Maker. Take breakfast to a galaxy far, far away with this non-stick waffle maker. ',2,'2022-03-21 17:50:20','2022-03-21 17:50:20'),(243,'The Child (Force Pose)',2300,0,'Protect The Child AND its liquid contents with The Child Geeki Tikis® mug! Featuring his signature pose with a raised arm and closed eyes, this adorable mug is sure to harness the power of the Force. Holds 16 ounces of your favorite beverage. Experience the aloha with every sip!',13,'2022-03-21 17:51:11','2022-03-21 17:51:11'),(244,'The Mandalorian',3600,0,'Raise a glass to the keeper of The Child with The Mandalorian Geeki Tikis® mug! Featuring the famous bounty hunter’s signature helmet and body armor, this mug is sure to protect its liquid contents inside. Holds 20 ounces of your favorite beverage. Experience the aloha with every sip!',13,'2022-03-21 17:51:53','2022-03-21 17:51:53'),(245,'Jabba the Hutt',8000,0,'Back by popular demand! Relax, play a game of sabacc and sip a tropical drink from the Jabba the Hutt Geeki Tikis® Mug with brand new Bib Fortuna mini muglet! The Jabba the Hutt Geeki Tikis® mug holds a hefty 40 ounces of your favorite beverage and the Bib Fortuna mini muglet holds 2 ounces.',13,'2022-03-21 17:52:57','2022-03-21 17:52:57'),(246,'Inosuke Hashibira',25000,0,'From the immensely popular TV anime series “Demon Slayer: Kimetsu no Yaiba” comes Inosuke Hashibira as a 1:8 scale figure!\r\n\r\nInosuke’s wild nature is perfectly captured as he sports an aggressive pose ready to join the fight with his twin Nichirin swords. The figure features amazing details including his incredibly muscular physique and the weathered wraps around his sword hilt. ',28,'2022-03-21 17:53:49','2022-03-21 17:53:49'),(247,'No Face Lantern Figure (Sensor Light)',5860,0,'Light up your room with No Face holding a lantern.  Featuring a motion sensor, the lantern will illuminate when motion is detected. No Face stands at nearly 6.3\" tall. Highly detailed at every angle makes it great for displaying from any side.',15,'2022-03-21 17:56:01','2022-03-21 17:56:01'),(248,'Upon San’s Mask Desk Clock',6300,0,'San\'s iconic mask laying in the grass with her dagger with a kodama, tree spirit, resting upon her mask.  Resting nearly 3\" tall, this desk clock features an analog clock with the face of San\'s mask used as the face of the clock.  Highly detailed at every angle makes it great for displaying from any side.',3,'2022-03-21 17:56:51','2022-03-21 17:56:51'),(249,' Lampara 3D Kakashi',15000,0,'\r\n    Marca: Pochi-tama\r\n    Forma: Base Circular\r\n    Altura: 20 cm\r\n    Largo: 10 cm\r\n    Material: Acrilico\r\n    Condición del ítem: Nuevo\r\n    Modelo: Kakashi\r\n    Unidades por Paquete: 1\r\n\r\n',17,'2022-03-21 20:07:58','2022-03-21 20:07:58'),(250,'Lámpara 3D Itachi Uchiha Anbu Konoha ',14900,0,'\r\n    Material: Acrílico\r\n    Energía: Pilas AA, USB\r\n    Color led: Varios\r\n    Diseño: Itachi Uchiha\r\n    Franquicia: Naruto Shippuden\r\n\r\n',17,'2022-03-21 20:09:37','2022-03-21 20:09:37'),(251,'Lámpara 3D Aldea Oculta en la Hoja Konoha',16990,0,'\r\n    Material: Acrílico\r\n    Energía: Pilas AA, USB\r\n    Color led: Varios\r\n    Diseño: Miembros Konoha\r\n    Franquicia: Naruto\r\n\r\n',17,'2022-03-21 20:10:41','2022-03-21 20:10:41'),(252,' Lampara 3d De Pikachu',19000,0,'\r\n    Marca: Redsale\r\n    Condición del ítem: Nuevo\r\n    SKU: Lamp-Poke-Pika\r\n\r\n',16,'2022-03-21 20:12:16','2022-03-21 20:12:16'),(253,'Lámpara 3D Espada de Diamante',15000,0,'\r\n    Material: Acrílico\r\n    Energía: Pilas AA, USB\r\n    Color led: Varios\r\n    Diseño: Steve DiamondS\r\n    Franquicia: Minecraft\r\n\r\n',16,'2022-03-21 20:14:17','2022-03-21 20:14:17'),(254,'Lámpara 3D Minecraft Cuadrado',14990,5,'\r\n    Material: Acrílico\r\n    Energía: Pilas AA, USB\r\n    Color led: Varios\r\n    Diseño: Mundo cuadrado\r\n    Franquicia: Minecraft\r\n\r\n',16,'2022-03-21 20:15:21','2022-03-21 20:15:21'),(255,'Lámpara 3D Casa Gryffindor Hogwarts',14990,0,'\r\n    Material: Acrílico\r\n    Energía: Pilas AA, USB\r\n    Color led: Varios\r\n    Diseño: Casa Gryffindor, León\r\n    Franquicia: Harry Potter\r\n\r\n',18,'2022-03-21 20:16:51','2022-03-21 20:16:51'),(256,' Lampara Saiki K',15990,0,'Forma: Base Circular\r\nAltura: 20 cm\r\nMaterial: Acrilico\r\nCondición del ítem: Nuevo\r\nModelo: Saiki\r\nUnidades por Paquete: 1\r\nFuente de energia: Bateria y/o corriente',15,'2022-03-21 20:18:03','2022-03-21 20:18:03'),(257,' Lampara Mi Vecino Totoro',20000,0,'Forma: Base Circular\r\nAltura: 20 cm\r\nMaterial: Acrilico\r\nCondición del ítem: Nuevo\r\nModelo: Totoro\r\nUnidades por Paquete: 1\r\nFuente de energia: Bateria y/o corriente',15,'2022-03-21 20:18:53','2022-03-21 20:18:53'),(258,' Lampara L - Death note',13990,5,'Personaje: L\r\nLargo: 20 cm\r\nCantidad 1\r\nMaterial: Acrilico\r\nCondición del ítem: Nuevo\r\nModelo: Lampara 3D',15,'2022-03-21 20:19:40','2022-03-21 20:19:40'),(259,'Lampara Emma - The Promised Neverland',15000,10,'Forma: Base Circular\r\nAltura: 20 cm\r\nMaterial: Acrilico\r\nCondición del ítem: Nuevo\r\nModelo: Emma\r\nUnidades por Paquete: 1\r\nFuente de energia: Bateria y/o corriente',15,'2022-03-21 20:20:37','2022-03-21 20:20:37'),(260,'Cuadros Nezuko Kamado Kimetsu No Yaiba',3000,0,'Marco: No\r\nLenticular: Si\r\nFranquicia: Kimetsu No Yaiba\r\nMaterial: Algodon, lienzo\r\nMedida: 29.5cm x 39.5cm\r\n\r\n\r\n    \r\n\r\n',3,'2022-03-21 20:57:36','2022-03-21 20:57:36'),(261,'Cuadros 3D Gon Killua hisoka',12990,0,'\r\n    Marco: No\r\n    Lenticular: Si\r\n    Franquicia: HxH\r\n    Material: Algodon, lienzo\r\n    Medida: 29.5cm x 39.5cm\r\n\r\n',3,'2022-03-21 20:58:27','2022-03-21 20:58:27'),(262,' Taza Mágica Plantas vs Zombies',5990,0,'Forma: Taza\r\nAltura: 10 cm\r\nEs Termosensible: Si\r\nMaterial: Cerámica\r\nCondición del ítem: Nuevo\r\nModelo: Taza Mágica\r\nUnidades por Paquete: 1',9,'2022-03-21 21:37:50','2022-03-21 21:37:50'),(263,' Taza Mágica Roblox',7990,5,'Diámetro: 10 cm\r\nCódigo universal de producto: 9780764337208\r\nAltura: 12 cm\r\nIncluye tapa: No\r\nCondición del ítem: Nuevo\r\nMateriales: Cerámica\r\nModelo: Roblox\r\nUsos seguros: Agua caliente\r\nFormato de venta: Unidad\r\nSKU: TM-Roblox\r\nForma: Circular\r\nUnidades por pack: 1\r\nCapacidad en volumen: 330 cc',9,'2022-03-21 21:39:30','2022-03-21 21:39:30'),(264,' Taza Mágica Street Fighter',5990,10,'Diámetro: 10 cm\r\nCódigo universal de producto: null\r\nAltura: 12 cm\r\nIncluye tapa: No\r\nCondición del ítem: Nuevo\r\nMateriales: Cerámica\r\nModelo: Street fighter\r\nUsos seguros: null\r\nFormato de venta: Unidad\r\nSKU: TM-Streetfighter\r\nUnidades por pack: 1\r\nCapacidad en volumen: 330 L',9,'2022-03-21 21:40:23','2022-03-21 21:40:23'),(265,' Taza Mágica Nier Automata',5990,15,'Forma: Taza\r\nAltura: 10 cm\r\nEs Termosensible: Si\r\nMaterial: Cerámica\r\nCondición del ítem: Nuevo\r\nModelo: Taza Mágica\r\nUnidades por Paquete: 1',9,'2022-03-21 21:41:15','2022-03-21 21:41:15'),(266,' Taza Mágica Monster Hunter',5600,0,'Forma: Taza\r\nAltura: 10 cm\r\nEs Termosensible: Si\r\nMaterial: Cerámica\r\nCondición del ítem: Nuevo\r\nModelo: Taza Mágica\r\nUnidades por Paquete: 10',9,'2022-03-21 21:42:08','2022-03-21 21:42:08'),(267,' Taza Mágica Mario Bros',5200,0,'Código universal de producto: null\r\nEs termosensible: Sí\r\nCondición del ítem: Nuevo\r\nFabricante: Red sale\r\nMaterial: Cerámica\r\nModelo: Mario y yoshi\r\nFormato de venta: Unidad\r\nSKU: TM-MarioYoshi\r\nUnidades por pack: 1\r\nCapacidad en volumen: 330 cc',9,'2022-03-21 21:43:01','2022-03-21 21:43:01'),(268,' Taza Magica Fornite perro y llama',6990,0,'\r\n    Taza Mágica\r\n    Temática: You’Re My Person\r\n    De La Serie Grey’S Anatomy\r\n    ¡Negra En Un Comienzo Y Su Color Aparece Con El Agua Caliente!\r\n\r\n',9,'2022-03-21 21:44:19','2022-03-21 21:44:19'),(269,' Taza Mágica De Call Of Duty',6000,0,'Diámetro: 10 cm\r\nCódigo universal de producto: 9789505124145\r\nAltura: 12 cm\r\nIncluye tapa: No\r\nCondición del ítem: Nuevo\r\nMateriales: Cerámica\r\nModelo: Call of Duty\r\nUsos seguros: Agua caliente\r\nFormato de venta: Unidad\r\nSKU: TM-CallofDuty\r\nForma: Circular\r\nUnidades por pack: 1\r\nCapacidad en volumen: 330 cc',9,'2022-03-21 21:45:19','2022-03-21 21:45:19'),(270,' Taza Mágica de Minecraft',5990,0,'Forma: Taza\r\nAltura: 10 cm\r\nEs Termosensible: Si\r\nMaterial: Cerámica\r\nCondición del ítem: Nuevo\r\nModelo: Taza Mágica\r\nUnidades por Paquete: 9',9,'2022-03-21 21:46:07','2022-03-21 21:46:07'),(271,' Taza Magica Ezreal',4000,0,'Condición del ítem: Nuevo\r\nSKU: TM-LoL-Ezra',9,'2022-03-21 21:47:37','2022-03-21 21:47:37'),(272,' Taza Mágica Fall Guys',5000,0,'Forma: Taza\r\nAltura: 10 cm\r\nEs Termosensible: Si\r\nMaterial: Cerámica\r\nCondición del ítem: Nuevo\r\nModelo: Taza Mágica\r\nUnidades por Paquete: 1',9,'2022-03-21 21:49:11','2022-03-21 21:49:11'),(273,' Taza Magica BearPink Fornite',6990,0,'\r\n\r\n    Taza Mágica\r\n    Temática: Bear Pink\r\n    Del Juego Fornite\r\n    ¡Negra En Un Comienzo Y Su Color Aparece Con El Agua Caliente!\r\n\r\n',9,'2022-03-21 21:49:59','2022-03-21 21:49:59'),(274,' Tazas Mágicas Thor',5990,0,'Diámetro: 10 cm\r\nCódigo universal de producto: 7809634100079\r\nAltura: 12 cm\r\nIncluye tapa: No\r\nCondición del ítem: Nuevo\r\nMateriales: Cerámica\r\nModelo: Thor\r\nUsos seguros: Agua caliente\r\nFormato de venta: Unidad\r\nSKU: TM-Thor\r\nForma: Circular\r\nUnidades por pack: 1\r\nCapacidad en volumen: 330 cc',8,'2022-03-21 21:52:25','2022-03-21 21:52:25'),(275,' Tazas Mágicas Iron Man',5900,15,'Diámetro: 10 cm\r\nCódigo universal de producto: 9421021461419\r\nAltura: 12 cm\r\nIncluye tapa: No\r\nCondición del ítem: Nuevo\r\nMateriales: Cerámica\r\nModelo: Iron man\r\nUsos seguros: Agua caliente\r\nFormato de venta: Unidad\r\nSKU: TM-Ironman\r\nForma: Circular\r\nUnidades por pack: 1\r\nCapacidad en volumen: 330 cc',8,'2022-03-21 21:53:05','2022-03-21 21:53:05'),(276,' Taza Mágicas Dc Comics',4000,0,'Diámetro: 10 cm\r\nAltura: 12 cm\r\nIncluye tapa: No\r\nCondición del ítem: Nuevo\r\nMateriales: Cerámica\r\nModelo: Dc comics\r\nUsos seguros: Con agua caliente\r\nFormato de venta: Unidad\r\nForma: Circular\r\nUnidades por pack: 1\r\nCapacidad en volumen: 330 cc',7,'2022-03-21 21:53:49','2022-03-21 21:53:49'),(277,' Taza Magica Venom',4500,0,'Es termosensible: Sí\r\nCondición del ítem: Nuevo\r\nMaterial: Cerámica\r\nSKU: TM-Venom',8,'2022-03-21 21:54:32','2022-03-21 21:54:32'),(278,' Taza Magica Iron Spiderman',5990,0,'Código universal de producto: null\r\nEs termosensible: Sí\r\nCondición del ítem: Nuevo\r\nFabricante: Red sale\r\nMaterial: Cerámica\r\nModelo: Iron spiderman\r\nFormato de venta: Unidad\r\nSKU: TM-Ironspider\r\nUnidades por pack: 1\r\nCapacidad en volumen: 330 cc',8,'2022-03-21 21:56:57','2022-03-21 21:56:57'),(279,' Taza Mágica Groot',5990,5,'Diámetro: 10 cm\r\nCódigo universal de producto: 9421021460696\r\nAltura: 12 cm\r\nIncluye tapa: No\r\nCondición del ítem: Nuevo\r\nMateriales: Cerámica\r\nModelo: Groot\r\nUsos seguros: Agua caliente\r\nFormato de venta: Unidad\r\nSKU: TM-Marvel-Groot\r\nForma: Circular\r\nUnidades por pack: 1\r\nCapacidad en volumen: 330 cc',8,'2022-03-21 21:57:51','2022-03-21 21:57:51'),(280,'Taza Mágica El Joker',5990,0,'Diámetro: 10 cm\r\nCódigo universal de producto: 9781435145382\r\nAltura: 12 cm\r\nIncluye tapa: No\r\nCondición del ítem: Nuevo\r\nMateriales: Cerámica\r\nModelo: El Joker – El Guason\r\nUsos seguros: Agua caliente\r\nFormato de venta: Unidad\r\nSKU: TM-Joker-Movie\r\nForma: Circular\r\nUnidades por pack: 1\r\nCapacidad en volumen: 330 cc',7,'2022-03-21 21:59:20','2022-03-21 21:59:20'),(281,' Taza Mágica Dr. Strange',5899,0,'Diámetro: 10 cm\r\nAltura: 12 cm\r\nIncluye tapa: No\r\nCondición del ítem: Nuevo\r\nMateriales: Cerámica\r\nModelo: Dr Strange\r\nUsos seguros: null\r\nFormato de venta: Unidad\r\nSKU: TM-DrStrange\r\nForma: null\r\nUnidades por pack: 1\r\nCapacidad en volumen: 330 L',8,'2022-03-21 22:16:24','2022-03-21 22:16:24'),(282,' Taza Mágica De La Mujer Maravilla',5900,0,'Diámetro: 10 cm\r\nCódigo universal de producto: 9780451526847\r\nAltura: 12 cm\r\nIncluye tapa: No\r\nCondición del ítem: Nuevo\r\nMateriales: Cerámica\r\nModelo: Wonder Woman\r\nUsos seguros: Agua caliente\r\nFormato de venta: Unidad\r\nSKU: TM-DC-WondWoman\r\nForma: Circular\r\nUnidades por pack: 1\r\nCapacidad en volumen: 330 cc',7,'2022-03-21 22:17:25','2022-03-21 22:17:25'),(283,' Taza Mágica De Thanos',6000,0,'Diámetro: 10 cm\r\nAltura: 12 cm\r\nIncluye tapa: No\r\nCondición del ítem: Nuevo\r\nMateriales: Cerámica\r\nModelo: Thanos\r\nUsos seguros: null\r\nFormato de venta: Unidad\r\nSKU: TM-ThanosLed\r\nForma: null\r\nUnidades por pack: 1\r\nCapacidad en volumen: 330 L',8,'2022-03-21 22:18:15','2022-03-21 22:18:15'),(284,' Taza Magica De Deadpool',4600,10,'Código universal de producto: null\r\nEs termosensible: Sí\r\nCondición del ítem: Nuevo\r\nFabricante: Red sale\r\nMaterial: Cerámica\r\nModelo: Deadpool\r\nFormato de venta: Unidad\r\nSKU: TM-DpoolChibi\r\nUnidades por pack: 1\r\nCapacidad en volumen: 330 cc\r\n',8,'2022-03-21 22:19:38','2022-03-21 22:19:38'),(285,' Taza Mágica De Ant-man',5000,20,'Diámetro: 10 cm\r\nAltura: 12 cm\r\nIncluye tapa: No\r\nCondición del ítem: Nuevo\r\nMateriales: Cerámica\r\nModelo: Antman\r\nUsos seguros: null\r\nFormato de venta: Unidad\r\nSKU: TM-AntMan\r\nForma: null\r\nUnidades por pack: 1\r\nCapacidad en volumen: 330 L',8,'2022-03-21 22:21:02','2022-03-21 22:21:02'),(286,' Taza Mágica Capitan America',7500,30,'Diámetro: 10 cm\r\nCódigo universal de producto: 8436017221190\r\nAltura: 12 cm\r\nIncluye tapa: No\r\nCondición del ítem: Nuevo\r\nMateriales: Cerámica\r\nModelo: Capitan America\r\nUsos seguros: Agua caliente\r\nFormato de venta: Unidad\r\nSKU: TM-CapitanAmerica\r\nForma: Circular\r\nUnidades por pack: 1\r\nCapacidad en volumen: 330 cc',8,'2022-03-21 22:21:54','2022-03-21 22:21:54'),(287,' Taza Mágica Capitana Marvel',6000,0,'Diámetro: 10 cm\r\nCódigo universal de producto: 7791290007772\r\nAltura: 12 cm\r\nIncluye tapa: No\r\nCondición del ítem: Nuevo\r\nMateriales: Cerámica\r\nModelo: Capitana Marvel\r\nUsos seguros: Agua caliente\r\nFormato de venta: Unidad\r\nSKU: TM-CapitanaMarvel\r\nForma: Circular\r\nUnidades por pack: 1\r\nCapacidad en volumen: 330 cc',8,'2022-03-21 22:22:41','2022-03-21 22:22:41'),(288,' Taza Mágica De Batman',4999,0,'Diámetro: 10 cm\r\nCódigo universal de producto: 9789508892607\r\nAltura: 12 cm\r\nIncluye tapa: No\r\nCondición del ítem: Nuevo\r\nMateriales: Cerámica\r\nModelo: Batman\r\nUsos seguros: Agua caliente\r\nFormato de venta: Unidad\r\nSKU: TM-Batman\r\nForma: Circular\r\nUnidades por pack: 1\r\nCapacidad en volumen: 330 cc',7,'2022-03-21 22:23:44','2022-03-21 22:23:44'),(289,' Taza Magica Maito Gay Y Kakashi',6000,0,'Es termosensible: Sí\r\nCondición del ítem: Nuevo\r\nMaterial: Cerámica\r\nSKU: TM-MaitoyKakashi',11,'2022-03-21 22:31:46','2022-03-21 22:31:46'),(290,' Taza Mágica Dabi Boku no Hero Academia',5900,14,'Es termosensible: Sí\r\nCondición del ítem: Nuevo\r\nMaterial: Cerámica',10,'2022-03-21 22:33:44','2022-03-21 22:33:44'),(291,' Taza Mágica Sasuke Uchiha',5940,0,'Diámetro: 10 cm\r\nAltura: 12 cm\r\nIncluye tapa: No\r\nCondición del ítem: Nuevo\r\nMateriales: Cerámica\r\nModelo: Naruto shippuden\r\nUsos seguros: Con agua caliente\r\nFormato de venta: Unidad\r\nSKU: TM-Sasuke\r\nForma: Circular\r\nUnidades por pack: 1\r\nCapacidad en volumen: 330 cc',11,'2022-03-21 22:35:46','2022-03-21 22:35:46'),(292,' Taza Mágica Naruto Sennin',3600,0,'Diámetro: 10 cm\r\nAltura: 12 cm\r\nIncluye tapa: No\r\nCondición del ítem: Nuevo\r\nMateriales: Cerámica\r\nModelo: Naruto shippuden\r\nUsos seguros: Con agua caliente\r\nFormato de venta: Unidad\r\nSKU: TM-NarutoSennin\r\nForma: Circular\r\nUnidades por pack: 1\r\nCapacidad en volumen: 330 cc',11,'2022-03-21 22:36:28','2022-03-21 22:36:28'),(293,' Taza Magica Minato',4100,0,'Es termosensible: Sí\r\nCondición del ítem: Nuevo\r\nMaterial: Cerámica\r\nSKU: TM-Minato',11,'2022-03-21 22:37:10','2022-03-21 22:37:10'),(294,' Taza Mágica Naruto Vs Sasuke',5200,0,'Diámetro: 10 cm\r\nAltura: 12 cm\r\nIncluye tapa: No\r\nCondición del ítem: Nuevo\r\nMateriales: Cerámica\r\nModelo: Naruto shippuden\r\nUsos seguros: Con agua caliente\r\nFormato de venta: Unidad\r\nSKU: TM-SasukevsNaruto\r\nForma: Circular\r\nUnidades por pack: 1\r\nCapacidad en volumen: 330 cc',11,'2022-03-21 22:38:00','2022-03-21 22:38:00'),(295,' Taza Mágica Deku Vs Bakugo',3670,0,'Diámetro: 10 cm\r\nAltura: 12 cm\r\nIncluye tapa: No\r\nCondición del ítem: Nuevo\r\nMateriales: Cerámica\r\nModelo: Boku No Hero\r\nUsos seguros: Agua caliente\r\nFormato de venta: Unidad\r\nSKU: TM-Boku-DekuvsBaku-Gris\r\nForma: Circular\r\nUnidades por pack: 1\r\nCapacidad en volumen: 330 cc',10,'2022-03-21 22:38:52','2022-03-21 22:38:52'),(296,' Taza Magica De Boruto',4900,0,'Es termosensible: Sí\r\nCondición del ítem: Nuevo\r\nMaterial: Cerámica\r\nSKU: TM-Boruto-Bto',11,'2022-03-21 22:39:41','2022-03-21 22:39:41'),(297,' Taza Mágica Boku No Hero',3690,0,'Diámetro: 10 cm\r\nAltura: 12 cm\r\nIncluye tapa: No\r\nCondición del ítem: Nuevo\r\nMateriales: Cerámica\r\nModelo: Boku No Hero\r\nUsos seguros: Agua caliente\r\nFormato de venta: Unidad\r\nSKU: TM-Boku-DekuAmarillo\r\nForma: Circular\r\nUnidades por pack: 1\r\nCapacidad en volumen: 330 cc',10,'2022-03-21 22:40:21','2022-03-21 22:40:21'),(298,' Taza Magica Bakugo & Deku',3260,0,'Es termosensible: Sí\r\nCondición del ítem: Nuevo\r\nMaterial: Cerámica\r\nSKU: TM-Boku-BakuyDeku',10,'2022-03-21 22:41:18','2022-03-21 22:41:18'),(299,' Taza MagicaAll Might',5860,0,'Es termosensible: Sí\r\nCondición del ítem: Nuevo\r\nMaterial: Cerámica\r\nSKU: TM-Boku-AllMi',10,'2022-03-21 22:42:00','2022-03-21 22:42:00'),(300,' Taza Magica Sable Luz',2000,0,'\r\n    Taza Mágica\r\n    Temática: Espadas Star Wars\r\n    De La Saga Star Wars\r\n    ¡Negra En Un Comienzo Y Su Color Aparece Con El Agua Caliente!\r\n\r\n',13,'2022-03-21 22:42:51','2022-03-21 22:42:51'),(301,' Taza Mágica R2d2 Y C3po',5900,0,'Diámetro: 10 cm\r\nCódigo universal de producto: 7801610022122\r\nAltura: 12 cm\r\nIncluye tapa: No\r\nCondición del ítem: Nuevo\r\nMateriales: Cerámica\r\nModelo: Androides\r\nUsos seguros: Agua caliente\r\nFormato de venta: Unidad\r\nSKU: TM-SW-R2C3\r\nForma: Circular\r\nUnidades por pack: 1\r\nCapacidad en volumen: 330 cc',13,'2022-03-21 22:46:09','2022-03-21 22:46:09'),(302,'Guante de Cocina Mujer Maravilla Dc ',1900,0,'\r\n    Material: Tela\r\n    Otros Accesorios: Paño Circular\r\n    Color: Rojo, azul y amarillo\r\n    Diseño: Wonder Woman\r\n    Talla: Única\r\n\r\n',5,'2022-03-21 22:54:55','2022-03-21 22:54:55'),(303,'Figura Joel - The Last of Us 2',9000,13,'Sin duda alguna estamos ante un artículo especial para los fans de The Last of Us. No abundan las figuras de este gran personaje, por lo que es una muy buena ocasión para hacerte con ese artículo que decore perfectamente la estantería donde tienes el videojuego. O si ya adquiriste a Ellie, ponerla junto a ella para redondear lo que será una zona muy especial para ti como fan que eres.',26,'2022-03-21 22:59:53','2022-03-21 22:59:53'),(304,'Figura Male V - Cyberpunk 2077 - Dark Horse',6190,0,'Sin duda alguna se trata de uno de los videojuegos más esperados de esta generación. Los chicos de CD Project llevan mucho tiempo en su desarrollo y todo apunta a que será un rotundo éxito de ventas. Ahora puedes disfrutar de V, nuestro personaje en su versión masculina.',26,'2022-03-21 23:04:30','2022-03-21 23:04:30'),(305,'Figura Johnny Silverhand - Cyberpunk 2077',10000,0,'El personaje Johnny Silverhand es la imagen más icónica del videojuego a pesar de no ser el protagonista, pues está encarnado ni más ni menos que por el ya mítico actor canadiense Keanu Reeves. Ya puedes disfrutar de esta magnífica representación de 23 cm. de altura increíblemente bien detallados. ',26,'2022-03-21 23:05:29','2022-03-21 23:05:29'),(306,'Figura Sonic the Hedgehog ',9000,20,'Cualquiera que haya jugado a un Sonic podrá escuchar ahora mismo el sonido al pasar por el checkpoint. Ese es el momento elegido por los chicos de First 4 Figures para representar a nuestro querido erizo azul mientras avanza a toda velocidad por la zona de Green Hill, la mítica primera fase del juego estrenado en Megadrive.',26,'2022-03-21 23:06:48','2022-03-21 23:06:48'),(307,'Figura Sub-Zero - Mortal Kombat',5900,0,'Mortal Kombat ha resurgido de entre las cenizas tras un periplo oscuro de la franquicia a comienzos de siglo. Tras haber triunfado con sus primeras entregas en recreativas y en las máquinas de 16 bits, el cambio generacional a las tres dimensiones no le sentó nada bien. ',26,'2022-03-21 23:07:42','2022-03-21 23:07:42'),(308,'Figura Ellie - The Last Of Us Part II',9600,14,'El mimo con el que Dark Horse ha dado a luz esta figura es sencillamente sobresaliente, una pieza de coleccionismo que no podrá faltar en las estanterías de los fans de The Last Of Us. ¡No esperes más para hacerte con tu estatua de Ellie!',26,'2022-03-21 23:08:51','2022-03-21 23:08:51'),(309,'Figuras Ciri - The Witcher 3',5200,0,'No dejes pasar la ocasión de hacerte con las estatuas de la mujer de pelo ceniciento que Dark Horse pone a tu disposición. Si disfrutaste de The Witcher 3: Wild Hunt seguro querrás tener a la pequeña Cirilla junto al resto de tu colección. Sin duda, se trata de un artículo con una gran relación calidad-precio, excelente para coleccionistas y fans de la saga.',26,'2022-03-21 23:09:37','2022-03-21 23:09:37'),(310,'Figura Geralt in the bath',15000,0,'La estatua esta hecha de poliresina y nos muestra a Geralt tomando un placentero baño, al igual que vimos en el prólogo de The Witcher 3: Wild Hunt. El brujo aparece relajado junto a un patito en la bañera, la cual se muestra rodeada de velas y con la cera de las mismas extendidas a los largo del recipiente. ',26,'2022-03-21 23:10:21','2022-03-21 23:10:21'),(311,'Figura Kratos - Head Knocker',20000,0,'El Dios de la Guerra se muestra con su frondosa barba y con su vestimenta vista para esta nueva entrega, además de portar un hacha en su mano derecha. Además, su cabeza es “bobbling head”, por lo que se mueve al “estilo cabezón”.',26,'2022-03-21 23:11:16','2022-03-21 23:11:16'),(312,'Figura Deathstroke - DC Comics',3600,5,'Deathstroke es un mercenario del universo DC Comics que apareció por primera vez en 1980 en The New Teen Titans Vol. 1 #2. Posee una gran habilidad con las armas que lo convierten en un letal asesino a sueldo y una capacidad sobrehumana debido a un experimento para crear super soldados.',25,'2022-03-21 23:13:43','2022-03-21 23:13:43'),(313,'Figura Mary (Shazam! Family)',4320,0,'Kotobukiya nos acerca esta impresionante estatua de Mary Bromfield (Lady Shazam) como parte de la línea coleccionable Bishoujo. La figura nos llega con una escala a 1:7 con 21 cm. de altura aproximadamente y fabricada en PVC.',25,'2022-03-21 23:14:48','2022-03-21 23:14:48'),(314,'Réplica Bastón del Joker – Escuadrón Suicida',5000,0,'Directamente desde la película Escuadrón Suicida nos llega este espectacular Bastón del Joker realizado con todo lujo de detalles por el prestigioso fabricante Noble Collection.',5,'2022-03-21 23:15:21','2022-03-21 23:15:21'),(315,'Réplica Bate de Béisbol Harley Quinn ',9670,0,'De la mano del fabricante Noble Collection nos llega este espectacular artículo, una excepcional réplica del bate de béisbol utilizado por Harley Quinn en la película Escuadrón Suicida, realizado en madera con un tamaño de 80 cm.',5,'2022-03-21 23:15:59','2022-03-21 23:15:59'),(316,'Figura Pingüino (Danny DeVito)',14000,0,'El fabricante Neca tiene el placer de presentarnos esta espectacular figura articulada del Pingüino basada en el personaje aparecido en la película Batman Vuelve interpretado por Danny DeVito.',25,'2022-03-21 23:17:01','2022-03-21 23:17:01'),(317,' Lampara 3D Star Wars Baby Yoda',11600,0,'Código universal de producto: null\r\nCondición del ítem: Nuevo\r\nEdad máxima recomendada: null\r\nEdad mínima recomendada: 3 años\r\nSKU: L3D-StarWars-Yoda',14,'2022-03-21 23:27:39','2022-03-21 23:27:39'),(318,' Lámpara Star Wars Logo ',9500,5,'Lámpara LED 3D de Hogwarts, luz nocturna decoloración, Escuela mágica, Luminaria, decoración de dormitorio, Linternas, lámpara de mesa, AW-3192',18,'2022-03-21 23:36:35','2022-03-21 23:36:35'),(319,' Lámpara Halcón Milenario Star Wars ',6960,0,'Espectacular lámpara de escritorio Halcón Milenario basada en la saga de Star Wars. Posiblemente sea el aliado perfecto para hacer un buen trabajo. Una brillante lámpara de escritorio con el diseño de un clásico Star Wars Millennium Falcon,',14,'2022-03-21 23:38:16','2022-03-21 23:38:16'),(320,'Lámpara Led Star Wars ',7568,10,'LAMPARA LED ILUSION 3D\r\n\r\nStar Wars DARTH VADER 1\r\n\r\nALIMENTACIÓN USB o 3 PILAS AA ( No incluidas )\r\n7 COLORES. RGB\r\nSELECCIÓN DE MODO Y COLOR DE ILUMINACIÓN.',14,'2022-03-21 23:42:16','2022-03-21 23:42:16'),(321,'Lámpara Led Star Wars ',3150,0,'LAMPARA LED ILUSION 3D\r\n\r\nStar Wars ESTRELLA DE LA MUERTE\r\n\r\nALIMENTACIÓN USB o 3 PILAS AA ( No incluidas )\r\n7 COLORES. RGB',14,'2022-03-21 23:44:40','2022-03-21 23:44:40'),(322,'Lámpara Led Star Wars ',6920,0,'LAMPARA LED ILUSION 3D\r\n\r\nStar Wars DARTH VADER 4\r\n\r\nALIMENTACIÓN USB o 3 PILAS AA ( No incluidas )\r\n7 COLORES. RGB',14,'2022-03-21 23:45:37','2022-03-21 23:45:37'),(323,'Lámpara Led Star Wars ELEPHANT',8460,0,'LAMPARA LED ILUSION 3D\r\n\r\nStar Wars ELEPHANT\r\n\r\nALIMENTACIÓN USB o 3 PILAS AA ( No incluidas )\r\n7 COLORES. RGB\r\nSELECCIÓN DE MODO Y COLOR DE ILUMINACIÓN.\r\n\r\n ',14,'2022-03-21 23:46:24','2022-03-21 23:46:24'),(324,'Lámpara Superman Logo DC Comics',14000,0,'Dale un poco de luz super molona con esta lámpara ambiental de Superman. Se trata de una lámpara muy bonita que tiene el diseño y los colores del escudo, o logo, del mítico Superman, uno de los superhéroes más famosos y queridos del univero de DC Comics.',21,'2022-03-21 23:51:36','2022-03-21 23:51:36'),(325,' Lámpara Batman logo Eclipse',9600,0,'Se trata de una lámpara super chula con el diseño del logotipo de Batman, en negro, que por la parte trasera tiene unas luces que al encenderla provocan un efecto eclipse super bonito y muy elegante.',21,'2022-03-21 23:52:52','2022-03-21 23:52:52');
/*!40000 ALTER TABLE `products` ENABLE KEYS */;
UNLOCK TABLES;

--
-- Table structure for table `subcategories`
--

DROP TABLE IF EXISTS `subcategories`;
/*!40101 SET @saved_cs_client     = @@character_set_client */;
/*!40101 SET character_set_client = utf8 */;
CREATE TABLE `subcategories` (
  `id` int(11) NOT NULL AUTO_INCREMENT,
  `name` varchar(45) NOT NULL,
  `category_id` int(11) NOT NULL,
  `createdAt` date DEFAULT NULL,
  `updatedAt` date DEFAULT NULL,
  PRIMARY KEY (`id`),
  UNIQUE KEY `id_UNIQUE` (`id`),
  KEY `categoria_id` (`category_id`),
  CONSTRAINT `categoria` FOREIGN KEY (`category_id`) REFERENCES `categories` (`id`) ON DELETE CASCADE ON UPDATE CASCADE
) ENGINE=InnoDB AUTO_INCREMENT=30 DEFAULT CHARSET=utf8;
/*!40101 SET character_set_client = @saved_cs_client */;

--
-- Dumping data for table `subcategories`
--

LOCK TABLES `subcategories` WRITE;
/*!40000 ALTER TABLE `subcategories` DISABLE KEYS */;
INSERT INTO `subcategories` VALUES (1,'Funkos pop',1,NULL,NULL),(2,'Peliculas y series',1,NULL,NULL),(3,'Anime',1,NULL,NULL),(4,'Marvel',1,NULL,NULL),(5,'Dc',1,NULL,NULL),(6,'Videojuegos',1,NULL,NULL),(7,'Dc',2,NULL,NULL),(8,'Marvel',2,NULL,NULL),(9,'Videojuegos',2,NULL,NULL),(10,'Boku no hero',2,NULL,NULL),(11,'Naruto',2,NULL,NULL),(13,'Peliculas y series',2,NULL,NULL),(14,'Star wars',3,NULL,NULL),(15,'Anime',3,NULL,NULL),(16,'Videojuegos',3,NULL,NULL),(17,'Naruto',3,NULL,NULL),(18,'Harry potter',3,NULL,NULL),(19,'Shingeki no kyojin',3,NULL,NULL),(20,'Marvel',3,NULL,NULL),(21,'Dc',3,NULL,NULL),(22,'Peliculas y series',4,NULL,NULL),(23,'Dragon Ball Z',4,NULL,NULL),(24,'Marvel',4,NULL,NULL),(25,'Dc',4,NULL,NULL),(26,'Videojuegos',4,NULL,NULL),(27,'Naruto',4,NULL,NULL),(28,'Kimetsu no yaiba',4,NULL,NULL),(29,'Boku no hero',4,NULL,NULL);
/*!40000 ALTER TABLE `subcategories` ENABLE KEYS */;
UNLOCK TABLES;

--
-- Table structure for table `users`
--

DROP TABLE IF EXISTS `users`;
/*!40101 SET @saved_cs_client     = @@character_set_client */;
/*!40101 SET character_set_client = utf8 */;
CREATE TABLE `users` (
  `id` int(11) NOT NULL AUTO_INCREMENT,
  `name` varchar(45) NOT NULL,
  `last_name` varchar(45) NOT NULL,
  `email` varchar(60) NOT NULL,
  `pass` varchar(70) NOT NULL,
  `phone` varchar(30) DEFAULT NULL,
  `rol` int(2) NOT NULL DEFAULT 0,
  `createdAt` timestamp NULL DEFAULT NULL,
  `updatedAt` timestamp NULL DEFAULT NULL,
  `avatar` varchar(100) DEFAULT NULL,
  PRIMARY KEY (`id`),
  UNIQUE KEY `email` (`email`),
  UNIQUE KEY `id_UNIQUE` (`id`)
) ENGINE=InnoDB AUTO_INCREMENT=11 DEFAULT CHARSET=utf8;
/*!40101 SET character_set_client = @saved_cs_client */;

--
-- Dumping data for table `users`
--

LOCK TABLES `users` WRITE;
/*!40000 ALTER TABLE `users` DISABLE KEYS */;
INSERT INTO `users` VALUES (1,'andres','rosales','andres@gmail.com','12345','2613334680',0,NULL,NULL,'defaultImage.jpg'),(2,'Jose','gonzales','jose@gmail.com','$2a$10$F8AzVVuWtt21WlVtSQL0euZzfMrXAdrvT6PrjT8JHHg22L5hCBbdG',NULL,0,'2022-01-30 21:03:55','2022-01-30 21:03:55','1643576632973_img_.jpg'),(3,'Andres','rosales','andress@gmail.com','$2a$10$sxkzrxuU4H8DCwMZRpwexeQ./iS5M4USQfT52HBqq3wFbC0q.jYnq',NULL,0,'2022-02-18 14:18:12','2022-02-18 14:18:12','default-image.png'),(4,'nadie','nada','nadies@gmail.com','$2a$10$AZ/grhAjVx/Ndz9ZjK0zeej/szdbqZn.gy0BQ1GUfmsflBORVY0Xu',NULL,0,'2022-02-18 14:19:35','2022-02-18 14:19:35','default-image.png'),(5,'algo','nada','algo@gmail.com','$2a$10$wy3SgM5jDWqdKqojF4IzjOzs57b08723kVgRCIJ/4OgPeEH4ttlXq',NULL,0,'2022-02-18 14:21:36','2022-02-18 14:21:36','default-image.png'),(6,'algo','nada','aaaa@gmail.com','$2a$10$ilJJs/.7inS1.71JxENSv.64NTDjz4euza3z8EoaZH2FHEdoAzYf6',NULL,0,'2022-02-18 14:22:19','2022-02-18 14:22:19','default-image.png'),(7,'aaa','aaa','aaa@gmail.com','$2a$10$cuotvSIahdpi9qNwFjDJkeSC6bx57VYPGoTRr1mITPJlbOFGVGG7e',NULL,0,'2022-02-18 14:30:23','2022-02-18 14:30:23','default-image.png'),(8,'aaa','aaa','joses@gmail.com','$2a$10$nPd6cxGtLlpzX0G5WNxVE.r8psJBnC1T3TIZLKZu4jLwqG3KLomEq',NULL,0,'2022-02-18 14:31:25','2022-02-18 14:31:25','default-image.png'),(9,'Andres','Rosales','rosales@gmail.com','$2a$10$GVJCKAJaZM5yq4EtOYBZ.OrH12wWEVpeL7fa9mn9lLxFnFBS3.yru',NULL,0,'2022-03-09 20:22:51','2022-03-09 20:22:51','1646857371347_img_.jpg'),(10,'Andres','Rosales','andres1@gmail.com','$2a$10$aM5KujOt6zpSSSHrhLRDVeARoYbzpNz9MA5cx5nIgsbB4SJNVkyKG',NULL,1,'2022-03-16 00:10:35','2022-03-16 00:10:35','1647389435480_img_.png');
/*!40000 ALTER TABLE `users` ENABLE KEYS */;
UNLOCK TABLES;

--
-- Dumping routines for database 'pochi_tama'
--
/*!40103 SET TIME_ZONE=@OLD_TIME_ZONE */;

/*!40101 SET SQL_MODE=@OLD_SQL_MODE */;
/*!40014 SET FOREIGN_KEY_CHECKS=@OLD_FOREIGN_KEY_CHECKS */;
/*!40014 SET UNIQUE_CHECKS=@OLD_UNIQUE_CHECKS */;
/*!40101 SET CHARACTER_SET_CLIENT=@OLD_CHARACTER_SET_CLIENT */;
/*!40101 SET CHARACTER_SET_RESULTS=@OLD_CHARACTER_SET_RESULTS */;
/*!40101 SET COLLATION_CONNECTION=@OLD_COLLATION_CONNECTION */;
/*!40111 SET SQL_NOTES=@OLD_SQL_NOTES */;

-- Dump completed on 2022-03-21 21:23:38
